1,Velma  ,Paul,63,F,18,2,no,no,no,61,65,61,62,57,69,yes
2,Kibo  ,Mcgee,71,F,17,2,yes,no,no,58,68,62,57,44,66,yes
3,Louis  ,Underwood,62.75,F,15,2,no,yes,no,61,60,54,66,48,62,yes
4,Phyllis  ,Clemons,57.5,F,15,3,yes,yes,yes,70,55,57,53,42,62,yes
5,Zenaida ,Tillman,59.5,F,16,2,yes,yes,no,52,46,62,65,53,65,yes
6,Gillian  ,Tillman,67,M,16,2,yes,yes,yes,66,61,55,58,50,70,yes
7,pooja,gupta,65.5,M,16,2,no,no,no,64,60,64,60,34,68,no
8,Giselle ,Lancaster,70,F,17,2,yes,no,no,56,63,59,63,49,64,yes
9,Kirsten ,Walker,48.75,M,15,2,yes,yes,no,56,65,57,58,54,70,yes
10,Underwood,Bob  ,50.22,M,15,2,yes,yes,yes,70,59,59,54,42,62,yes
11,Boone,Sem  ,54,F,15,2,yes,yes,no,65,63,55,54,48,60,yes
12,  Underwood,Kibo,88,F,15,3,yes,no,yes,63,61,59,59,43,64,yes
13, Rivett,Lucy ,92.5,M,15,1,yes,yes,yes,64,61,53,59,41,60,yes
14, Lancaster,Artur ,49.5,M,15,2,yes,yes,no,62,52,62,60,41,63,yes
15, Henstridge,Taylor,53.5,M,15,3,yes,no,no,60,66,62,58,56,61,yes
16,Sue,Tebbett,56.5,F,16,1,yes,no,no,64,58,56,62,36,63,yes
17,John  ,Henstridge,74.5,F,16,3,yes,yes,yes,72,61,54,56,53,58,yes
18,  Mcgee,Lucas,76,F,16,2,yes,no,yes,58,55,64,55,42,68,yes
19,nikita,Shade,89,M,17,1,yes,no,yes,60,50,61,66,38,71,yes
20,Cutler ,Melmore,81.5,M,16,1,no,yes,yes,57,59,54,60,44,67,yes
21,Emma,Flooks,82,M,15,2,no,no,no,71,58,62,67,34,68,no
22,Lindo ,Scala,49,M,15,1,yes,yes,no,56,69,63,65,41,58,yes
23,Paul,Guerre,55,M,16,2,no,no,yes,53,57,51,52,31,31,no
24,Sean,Benadette,49,M,16,2,yes,no,yes,63,52,41,62,42,71,yes
25,Zehra ,Tolomelli,61,F,15,3,yes,yes,yes,55,53,58,56,47,61,yes
26,William ,Tillman,67,F,16,1,yes,yes,no,62,52,55,61,47,63,yes
27,Alejandro ,Boone,76.5,M,15,1,yes,yes,no,64,48,60,58,39,60,yes
28,Patrick,Lancaster,54,M,15,1,no,yes,no,48,61,54,53,38,64,yes
29,Junior ,Mcdowell,60.25,M,16,2,yes,no,yes,54,62,52,54,42,60,yes
30,Lonnie,Tebbett,63,M,16,2,yes,yes,yes,67,57,61,61,38,69,yes
31,Ellerey,Halworth,71,M,15,2,yes,yes,no,58,54,59,62,47,69,yes
32,Maurits,Caughtry,62.75,M,15,2,yes,no,yes,61,50,64,65,50,61,yes
33,Fulton,Harbage,57.5,M,15,2,yes,no,yes,53,57,59,69,49,66,yes
34,Missie,Tuke,59.5,M,15,2,no,no,yes,61,56,47,60,43,69,yes
35,Marnie,Fenney,67,M,16,1,yes,yes,no,58,49,56,56,48,62,yes
36,Charmain,Ivatts,65.5,F,15,1,yes,no,yes,60,56,58,44,42,60,yes
37,Dotti,Rivett,70,M,15,3,yes,no,yes,54,56,58,56,40,60,yes
38,Dudley,Bedle,48.75,M,16,3,yes,no,yes,52,56,55,56,38,69,yes
39,Vidovik,Hought,42,F,15,3,yes,yes,yes,55,54,65,46,41,61,yes
40,Gaylene,Echelle,54,F,15,1,yes,yes,yes,57,50,63,61,51,66,yes
41,Celestia,Degoix,88,F,16,2,yes,no,yes,60,56,59,55,42,70,yes
42,Imogene,Sushams,92.5,M,15,1,yes,no,no,62,53,51,64,40,59,yes
43,Ambrosius,Rangell,49.5,M,15,2,yes,no,yes,53,54,61,49,38,61,yes
44,Louise,McCromley,53.5,M,15,1,yes,no,no,64,48,55,56,39,55,yes
45,Bettye,Standingford,56.5,F,16,2,no,no,yes,65,53,60,50,38,56,yes
46,Stefanie,Braunfeld,74.5,F,15,2,yes,yes,yes,66,49,53,65,41,61,yes
47,Jessy,Craghead,76,F,16,2,yes,no,no,67,48,56,62,49,47,yes
48,Stillmann,Flaonier,89,M,16,4,no,no,yes,61,51,51,66,67,61,yes
49,Joseito,O'Donovan,81.5,M,15,2,yes,yes,no,50,57,57,54,48,66,yes
50,Jard,De Cleyne,82,F,15,2,yes,no,yes,57,53,57,46,39,65,yes
51,Danielle,L'oiseau,49,F,16,2,yes,yes,no,56,61,57,59,50,64,yes
52,Barry,Whitnell,55,F,15,2,yes,yes,no,58,63,45,55,49,64,yes
53,Lea,Salazar,49,M,15,1,no,no,no,53,57,55,51,36,67,yes
54,Dukey,Rubinivitz,61,F,15,1,yes,yes,no,58,57,56,54,49,59,yes
55,Myer,Kid,67,F,15,1,no,yes,no,60,58,54,56,44,70,yes
56,Royce,Blindt,76.5,F,16,2,no,yes,yes,60,59,52,59,38,61,yes
57,Elissa,Wilds,54,F,15,2,yes,yes,yes,65,53,57,60,39,67,yes
58,Rosalinde,Jeeves,60.25,M,15,2,yes,no,yes,65,45,52,59,38,60,yes
59,Virginie,Behne,63,M,15,2,yes,no,yes,51,50,54,60,55,59,yes
60,Doug,Kenway,71,F,16,2,yes,no,no,50,48,57,48,53,58,yes
61,Mikey,Stollwerk,62.75,F,16,2,yes,no,yes,52,62,46,48,40,61,yes
62,Rayshell,Klimke,57.5,F,16,1,yes,no,yes,53,57,55,54,41,60,yes
63,Leanna,Faucett,59.5,F,16,2,no,no,yes,63,49,53,53,38,60,yes
64,Raeann,Genge,67,F,16,3,yes,yes,yes,50,54,54,53,41,55,yes
65,Brinna,Henstridge,65.5,F,15,2,no,no,yes,65,57,60,61,63,69,yes
66,Kerry,Gayle,70,F,16,2,yes,no,yes,71,48,52,50,39,67,yes
67,Aldous,Licciardello,48.75,M,15,4,yes,no,yes,62,51,52,59,39,68,yes
68,Benedicta,Shadrack,42,F,16,4,yes,yes,no,59,44,59,53,43,55,yes
69,Jennee,Ashcroft,54,F,15,2,yes,yes,no,72,56,44,49,41,54,yes
70,Sergent,Mapowder,88,F,15,4,yes,no,no,60,52,43,67,48,62,yes
71,Abdel,Bullan,92.5,M,16,4,yes,yes,no,62,54,49,54,38,59,yes
72,Tyrone,O' Bee,49.5,M,15,4,no,no,no,60,48,57,59,40,61,yes
73,Esma,Catherall,53.5,F,15,2,yes,no,no,62,48,51,52,39,64,yes
74,Melanie,Carleton,56.5,M,16,1,no,no,yes,53,45,53,50,48,61,yes
75,Layton,Fust,74.5,F,16,2,yes,yes,yes,61,59,50,59,49,68,yes
76,Blair,Bentote,76,M,15,2,yes,yes,yes,57,59,59,56,46,61,yes
77,Verne,Booij,89,M,15,4,no,no,yes,60,47,59,62,41,57,yes
78,Libby,Cliss,81.5,F,16,4,no,yes,no,66,49,48,59,35,70,yes
79,Dolley,Edgecumbe,82,M,17,1,yes,no,yes,58,43,59,59,42,63,no
80,Maurise,Farington,49,F,16,2,yes,no,no,62,59,51,47,35,57,yes
81,Renaud,Collisson,55,M,15,1,yes,yes,yes,57,48,56,53,36,60,yes
82,Tyrone,Hanssmann,49,M,15,3,no,yes,no,60,51,53,54,40,54,yes
83,Patrice,Jeanneau,61,F,15,2,yes,yes,no,63,48,54,56,38,66,yes
84,Charmain,Parmeter,67,M,15,2,no,yes,yes,56,50,60,58,45,58,yes
85,Hadley,Bole,76.5,F,15,2,yes,no,yes,67,46,47,67,35,62,yes
86,Mick,Arden,54,F,15,2,no,yes,no,54,56,50,63,48,54,yes
87,Darius,Paladini,60.25,F,16,2,yes,no,no,65,62,40,58,56,64,yes
88,Grata,Dedam,63,F,15,3,yes,no,yes,56,54,47,65,65,64,yes
89,Indira,Levane,71,M,16,2,no,yes,yes,46,57,49,54,49,56,yes
90,Juline,Drivers,62.75,M,16,2,yes,no,no,58,48,49,60,49,67,yes
91,Winfred,Metherell,57.5,F,16,3,yes,yes,no,60,53,53,46,37,60,yes
92,Adria,Goymer,59.5,F,15,1,no,yes,yes,58,56,58,43,45,54,yes
93,Gaven,Duggan,67,F,16,2,yes,no,no,65,49,47,60,35,65,yes
94,Anson,Duckering,65.5,F,16,2,yes,yes,yes,55,52,45,53,35,64,yes
95,Antin,Raddish,70,M,15,4,yes,no,yes,63,45,61,48,40,50,yes
96,Rutherford,Winham,48.75,F,15,4,yes,yes,yes,64,45,45,49,50,65,yes
97,Adiana,Trulocke,42,M,16,1,yes,no,yes,68,57,47,51,55,61,yes
98,Carling,Pudge,54,F,16,2,yes,yes,no,63,56,56,56,39,57,yes
99,Devlen,Rimes,88,F,16,1,no,no,yes,57,51,53,56,54,56,yes
100,Roobbie,Gouny,92.5,F,16,3,yes,yes,no,47,55,58,56,76,69,yes
101,Ban,Blaxley,49.5,M,16,1,yes,yes,yes,65,50,55,48,52,57,yes
102,Bertie,Lamble,53.5,M,16,3,yes,no,yes,64,57,55,51,58,68,yes
103,Alameda,Botterman,56.5,M,15,1,yes,no,yes,57,57,55,48,41,57,yes
104,Cosme,Lamanby,74.5,F,15,2,yes,yes,no,52,56,55,49,67,60,yes
105,Lexie,Brownsword,76,M,15,2,yes,yes,yes,57,43,58,48,50,68,yes
106,Kara,Shade,89,F,15,4,no,no,no,56,44,62,62,67,67,yes
107,Donalt,Melmore,81.5,F,15,4,yes,yes,no,56,40,57,54,44,63,yes
108,Vida,Flooks,82,M,16,3,yes,no,yes,56,56,44,52,39,58,yes
109,Claudio,Scala,49,M,15,4,yes,yes,yes,61,41,47,55,49,61,yes
110,Carlie,Guerre,55,F,16,3,yes,yes,yes,53,53,53,63,76,60,yes
111,Tessi,Benadette,49,M,15,1,no,no,yes,60,49,48,62,39,62,yes
112,Renaldo,Tolomelli,61,F,16,3,yes,no,yes,53,47,52,47,87,60,yes
113,Matthus,Mogg,67,F,16,2,no,no,yes,53,57,46,53,39,60,yes
114,Dolley,Stallan,76.5,M,15,1,no,no,no,68,59,52,63,35,67,yes
115,Stefania,Smead,54,M,15,2,no,no,yes,52,57,49,49,40,68,yes
116,Aurea,Settle,60.25,M,16,2,yes,no,yes,61,61,47,56,39,59,yes
117,Kris,Cochrane,63,M,15,2,yes,no,yes,62,51,55,59,35,56,yes
118,Kippar,Frift,71,M,16,1,no,no,yes,47,59,58,54,36,55,yes
119,Chance,Hearthfield,62.75,M,17,2,yes,no,yes,65,55,49,55,29,64,no
120,Friederike,Cale,57.5,M,15,1,no,no,no,50,49,58,52,35,62,yes
121,Lannie,Balshaw,59.5,F,15,2,no,no,no,53,61,43,48,31,59,no
122,Garek,Davenall,67,M,15,4,yes,yes,yes,60,54,52,43,71,61,yes
123,Hank,Sillick,65.5,F,16,2,yes,yes,yes,62,57,48,48,33,66,no
124,Lambert,Curdell,70,M,16,1,yes,no,yes,50,55,55,35,36,62,yes
125,Fredric,Dowber,48.75,F,16,2,no,yes,no,60,47,54,51,39,64,yes
126,Othelia,Flatt,42,M,15,1,no,no,no,60,53,52,55,35,64,yes
127,Lexie,Tatlock,54,F,15,2,no,no,yes,60,40,45,51,37,62,yes
128,Babara,MacCardle,88,F,19,2,yes,no,no,60,50,41,57,58,58,no
129,Tucky,Oboy,92.5,M,18,1,yes,no,yes,53,55,52,44,43,61,yes
130,Vinnie,Shackel,49.5,M,16,1,no,yes,yes,56,49,58,44,42,60,yes
131,Peta,Brechin,53.5,F,15,3,yes,no,no,56,55,43,60,40,69,yes
132,Michal,Borsay,56.5,F,15,1,yes,no,yes,57,46,51,48,38,52,yes
133,Pierre,Limmer,74.5,F,17,1,yes,no,no,56,46,54,51,38,53,yes
134,Clay,Marriot,76,F,16,1,no,no,no,60,44,49,50,43,65,yes
135,Trumaine,Geer,89,M,15,2,yes,no,no,60,46,53,44,38,60,yes
136,Archibald,Grouer,81.5,F,15,3,yes,no,yes,60,45,50,46,42,60,yes
137,Derick,Konig,82,M,17,2,no,no,no,58,51,52,58,48,69,yes
138,Harley,Poon,49,F,16,1,yes,no,yes,63,49,51,56,40,67,yes
139,Brandea,Wieprecht,55,M,16,2,no,no,no,60,51,50,56,38,64,yes
140,Luther,Daburn,49,F,15,1,no,no,yes,58,52,49,62,39,60,yes
141,Gussie,Jedrzaszkiewicz,61,M,15,4,yes,no,no,68,41,56,66,38,64,yes
142,Gavrielle,Benadette,67,M,16,1,yes,no,yes,56,52,51,57,33,69,no
143,Evelina,Acey,76.5,F,15,3,yes,yes,yes,61,49,54,58,36,59,yes
144,Adolphus,Poyle,54,F,16,1,no,no,no,62,57,50,64,27,59,no
145,Cameron,Saleway,60.25,M,17,1,yes,no,no,66,55,41,53,46,50,yes
146,Derick,Kings,63,F,15,2,yes,yes,no,65,42,55,45,29,63,no
147,Joaquin,Smallpeice,71,F,15,2,yes,no,no,50,43,57,49,40,61,yes
148,Lesley,Visick,62.75,F,15,2,yes,yes,no,60,51,54,47,38,56,yes
149,Maris,Gummory,57.5,M,16,1,yes,no,no,56,42,55,58,35,63,no
150,Clement,Milne,59.5,M,15,1,no,no,no,55,52,51,56,37,56,yes
151,Joelle,Showler,67,M,18,1,no,no,no,56,46,47,56,47,68,no
152,Rozelle,Owthwaite,65.5,M,16,1,no,no,yes,67,47,55,44,38,50,yes
153,Kippie,Staten,70,F,15,3,yes,yes,yes,58,50,56,64,38,50,yes
154,Lazare,Melton,48.75,M,19,1,yes,no,no,51,57,48,49,42,57,no
155,Cordey,Woodfield,42,F,17,1,yes,no,no,60,52,52,45,64,60,yes
156,Ives,Giovannelli,54,M,15,2,no,yes,yes,62,52,46,51,36,64,yes
157,Zeke,Kleen,88,M,17,1,no,no,no,42,47,55,56,48,58,yes
158,Jeniece,Elderbrant,92.5,F,18,1,yes,no,yes,63,46,47,45,58,56,yes
159,Gregoor,Grzesiewicz,49.5,M,16,1,no,no,no,58,53,30,34,50,64,no
160,Amabelle,Astbery,53.5,M,16,2,yes,yes,no,62,55,48,44,39,50,yes
161,Corty,Flowitt,56.5,M,17,1,no,no,yes,60,45,51,55,40,54,no
162,Cissiee,Scougall,74.5,M,15,2,yes,no,no,56,45,53,50,40,58,yes
163,Brig,Tovey,76,M,16,1,no,no,yes,54,49,54,63,35,51,yes
164,Kassie,Tanslie,89,M,17,1,no,no,no,61,48,44,53,40,47,no
165,Gris,Escale,81.5,M,17,2,no,no,yes,52,57,50,40,45,48,no
166,Breanne,Grenkov,82,M,16,1,yes,no,yes,55,44,42,54,60,53,no
167,Brigida,Anglin,49,M,16,2,no,no,no,56,44,45,46,41,56,no
168,Finn,Jzak,55,F,16,2,no,yes,no,58,52,51,49,57,59,yes
169,Gregorius,Dacey,49,F,16,2,yes,yes,no,60,55,48,53,37,56,yes
170,Rosalia,Lockart,61,F,16,2,yes,yes,no,60,55,48,53,28,71,yes
171,Jasmine,Lendrem,67,M,16,1,yes,no,yes,65,53,51,61,25,68,no
172,Edyth,Josilowski,76.5,M,16,2,yes,yes,yes,62,51,47,55,38,58,yes
173,Alvin,Novotna,54,M,17,2,yes,yes,yes,52,47,55,47,37,60,yes
174,Karel,Bedson,60.25,F,16,2,no,no,yes,52,52,53,53,35,61,yes
175,Reginauld,Kibbel,63,F,16,2,yes,yes,yes,51,50,47,65,89,57,yes
176,Melloney,Shinefield,71,M,17,2,no,yes,yes,60,54,52,56,50,65,yes
177,Lyndsie,Maudlin,62.75,F,16,2,no,yes,yes,55,56,50,52,35,58,yes
178,Emlyn,Jurgenson,57.5,M,17,2,no,no,yes,65,49,48,59,37,47,yes
179,Katrina,Connew,59.5,M,16,1,yes,no,yes,54,47,49,56,36,59,yes
180,Phylys,Babb,67,M,17,2,yes,no,yes,48,46,55,48,31,66,no
181,Fonz,Rodnight,65.5,M,16,2,yes,yes,yes,50,46,40,50,39,61,yes
182,Noble,Crowth,70,M,16,2,no,yes,yes,55,50,48,47,39,54,yes
183,Bertie,Jephson,48.75,F,17,2,yes,no,yes,54,46,61,50,41,48,yes
184,Orland,Regis,42,F,17,2,yes,no,yes,60,51,59,59,37,57,yes
185,Joe,Sebyer,54,F,16,2,yes,yes,no,61,56,59,48,38,59,yes
186,Sher,Whybrow,88,M,17,2,yes,no,yes,57,54,51,55,49,60,yes
187,Corrie,Wilber,92.5,M,16,1,yes,yes,yes,65,45,45,51,51,65,yes
188,Billy,Rebert,49.5,M,16,2,no,yes,yes,62,56,49,49,52,53,yes
189,Claudius,Victor,53.5,F,17,2,yes,no,no,62,50,53,47,55,64,yes
190,Leila,Woolway,56.5,M,17,2,no,no,no,60,57,50,45,56,56,yes
191,Rosita,Comley,74.5,F,16,2,no,no,no,57,52,44,53,36,59,yes
192,Rustin,Morlon,76,F,17,2,no,no,yes,55,47,53,52,33,57,no
193,Felita,Accomb,89,M,17,2,no,yes,yes,60,51,51,49,55,55,yes
194,Michele,Dudding,81.5,M,16,1,yes,no,yes,60,54,46,57,35,58,yes
195,Shanda,Collisson,82,M,16,1,no,no,no,60,45,54,47,35,54,yes
196,Patrizius,MacKall,49,F,17,2,no,no,yes,58,49,49,43,34,48,no
197,Odie,Slopier,55,M,17,1,no,no,no,57,50,39,54,35,51,yes
198,Fayre,Sarath,49,M,16,1,yes,yes,yes,54,47,46,44,42,58,yes
199,Norbert,Carabine,61,F,17,1,yes,no,no,55,56,46,51,39,55,yes
200,Domenic,Ourtic,67,F,16,2,yes,yes,no,52,51,53,43,56,62,yes
201,Britt,Tolefree,76.5,F,16,2,yes,no,yes,58,48,41,46,33,63,no
202,Delcine,Ewbank,54,F,16,2,yes,yes,yes,54,42,35,41,41,63,yes
203,Sibby,Grzelewski,60.25,F,17,2,yes,yes,no,56,42,42,46,38,54,yes
204,Engracia,BURWIN,63,F,17,1,yes,no,no,51,41,40,54,36,62,yes
205,Milicent,Rutley,71,F,16,4,yes,yes,yes,56,49,77,49,39,61,yes
206,Marten,Cockley,62.75,F,17,3,yes,yes,no,38,48,53,45,40,60,yes
207,Constance,Belsham,57.5,F,16,2,yes,yes,no,64,45,48,41,39,61,yes
208,Chrissy,Carek,59.5,F,16,2,no,yes,yes,60,54,55,54,37,54,yes
209,Pauly,McGuggy,67,F,16,1,yes,yes,no,57,52,47,60,36,59,yes
210,Matthias,Kitchingham,65.5,F,17,3,yes,yes,yes,60,46,36,61,79,65,yes
211,Sammy,Farnes,70,F,19,4,yes,yes,yes,56,59,47,47,47,60,yes
212,Florencia,Beenham,48.75,M,17,2,yes,yes,no,53,50,45,48,46,60,yes
213,Far,Dominelli,42,F,16,2,yes,yes,no,62,52,50,47,50,61,yes
214,Costanza,Busher,54,M,18,2,yes,yes,yes,56,51,46,53,57,68,yes
215,Aeriela,Hatt,88,F,17,1,yes,yes,no,55,46,60,50,25,54,no
216,Rayna,Abramcik,92.5,F,17,2,no,yes,no,54,53,36,63,26,58,no
217,Shurlock,Headon,49.5,F,17,2,no,yes,no,63,53,45,43,29,54,yes
218,Stewart,Lambertini,53.5,M,18,2,yes,yes,no,51,37,58,56,44,53,yes
219,Devlin,Phillipps,56.5,F,17,1,yes,yes,no,58,44,38,49,39,59,yes
220,Shina,Mumberson,74.5,F,17,3,yes,yes,yes,55,48,38,49,60,55,yes
221,Juan,Revans,76,F,17,2,yes,no,yes,60,43,53,43,30,54,no
222,Wally,Getten,89,F,17,3,yes,no,yes,56,83,54,47,39,59,yes
223,Godfrey,De Rechter,81.5,F,16,2,no,no,no,50,53,34,50,31,49,no
224,Euell,Buttress,82,M,18,2,yes,yes,no,52,49,46,42,41,62,yes
225,Devonne,Bannard,49,F,16,3,yes,no,yes,55,58,51,59,37,57,yes
226,Tades,Stiffkins,55,F,18,2,no,no,yes,50,56,54,50,31,59,no
227,Clarice,Ciobutaru,49,F,17,2,no,no,yes,58,57,44,50,25,62,no
228,Robyn,Pleming,61,M,17,2,yes,yes,no,54,46,52,56,39,59,yes
229,Deeanne,Haith,67,M,18,2,yes,yes,yes,50,52,51,45,63,61,yes
230,Anson,Syson,76.5,F,17,3,no,no,yes,60,40,53,47,39,63,yes
231,Bar,Steeden,54,F,17,2,no,no,yes,60,53,42,43,38,51,yes
232,Vincent,Aust,60.25,M,17,2,yes,yes,yes,57,44,45,45,23,60,no
233,Marlo,Donegan,63,M,17,2,yes,no,yes,52,51,49,48,39,47,yes
234,Tiffany,Egarr,71,M,16,2,yes,yes,yes,50,46,52,47,21,60,no
235,Clayborne,Palombi,62.75,M,16,2,yes,yes,no,50,51,45,60,19,59,no
236,Ransell,Mozzini,57.5,M,16,3,no,no,yes,61,41,54,54,20,62,no
237,Franzen,MacEllen,59.5,M,17,2,no,yes,yes,67,41,57,47,49,57,yes
238,Simonette,Gothup,67,F,16,1,no,no,no,46,58,59,40,35,58,yes
239,Shelagh,Penny,65.5,F,17,2,no,no,yes,60,35,40,56,28,60,no
240,Anabella,Driver,70,M,18,2,no,no,no,51,46,50,52,29,65,no
241,Vail,Greber,48.75,M,17,2,no,no,yes,57,48,30,50,44,58,no
242,Franky,Heatley,42,M,17,2,yes,yes,no,56,44,53,58,55,61,yes
243,Marian,Pimbley,54,M,16,1,no,no,yes,54,43,54,53,27,46,no
244,Georgina,Enbury,88,M,16,1,no,no,yes,54,47,56,55,31,52,no
245,Alvan,Ramelet,92.5,F,18,3,yes,yes,no,60,45,39,48,59,65,yes
246,Ursula,O'Calleran,49.5,M,16,1,no,no,no,50,50,49,43,26,54,no
247,Danila,Gilberthorpe,53.5,M,17,1,no,no,no,54,48,55,44,30,48,no
248,Sharleen,Andrews,56.5,M,22,1,no,no,no,42,47,56,55,31,56,no
249,Dorrie,Candwell,74.5,M,18,2,yes,no,no,55,41,47,42,38,61,yes
250,Orelie,Leyson,76,M,16,1,no,yes,no,50,43,45,45,34,53,no
251,Dotti,Highton,89,M,18,1,no,no,no,58,52,54,46,35,48,yes
252,Colman,Poile,81.5,M,16,2,yes,no,no,56,58,43,51,39,68,yes
253,Faye,Manchett,82,M,18,1,no,no,no,70,53,52,52,31,66,no
254,Jo-ann,Moyles,49,M,16,1,no,no,yes,60,57,44,56,34,58,no
255,Zerk,Makiver,55,M,17,1,no,no,no,56,44,42,57,33,62,no
256,Rahel,Enston,49,M,17,1,yes,no,yes,67,49,37,45,26,56,no
257,Thurston,Slane,61,F,17,4,yes,yes,yes,57,47,41,50,68,52,yes
258,Ardeen,Farrin,67,M,19,2,yes,no,no,56,55,38,56,34,46,no
259,Chico,Fraczek,76.5,M,18,2,no,no,yes,60,47,35,53,24,61,no
260,Tamar,Purrington,54,F,17,4,no,yes,yes,50,42,53,48,68,55,yes
261,Kristine,Triner,60.25,F,18,2,yes,yes,no,50,47,45,47,55,58,yes
262,Raynor,Bister,63,M,18,2,yes,yes,no,43,51,52,44,44,61,yes
263,Timmy,Stoakley,71,M,18,3,no,no,yes,60,50,40,47,35,57,yes
264,Kirbee,Breissan,62.75,F,17,3,no,no,yes,57,36,38,56,37,67,yes
265,Sherwynd,Venn,57.5,F,18,3,yes,yes,yes,57,45,39,49,30,59,yes
266,Antonino,Francesch,59.5,M,18,2,yes,yes,yes,45,43,49,41,36,61,yes
267,Jobey,Pulham,67,M,17,2,no,yes,yes,56,43,46,52,45,57,yes
268,Mitzi,Eady,65.5,F,18,2,no,yes,yes,45,44,52,42,26,61,no
269,Vikki,Porteous,70,M,18,2,yes,yes,yes,45,41,49,52,43,62,yes
270,Amity,Verrell,48.75,F,18,2,yes,no,no,41,55,45,53,40,52,no
271,Rory,Kief,42,F,19,2,yes,yes,yes,50,36,39,42,33,60,no
272,Craggy,Vasyunin,54,F,18,4,yes,yes,yes,50,43,48,47,77,52,yes
273,Renard,Meuse,88,F,18,2,yes,yes,no,52,54,38,39,56,46,yes
274,Noach,Polamontayne,92.5,M,17,2,yes,yes,yes,52,55,43,44,39,50,yes
275,Jedd,Ghiroldi,49.5,F,17,2,yes,yes,no,46,51,50,51,51,48,yes
276,Natka,Micheli,53.5,F,17,2,yes,yes,no,53,48,42,38,40,56,yes
277,Valery,Heinecke,56.5,F,18,2,no,no,no,56,46,50,39,24,61,no
278,Sissy,Smalman,74.5,M,18,1,no,yes,yes,61,51,38,40,30,57,no
279,Caesar,Abrey,76,F,18,2,yes,no,yes,54,43,52,48,28,61,no
280,Mag,Facchini,89,M,18,1,no,yes,yes,60,47,53,45,36,60,yes
281,Hilly,Mansford,81.5,M,17,1,no,yes,yes,41,54,38,45,19,61,no
282,Benetta,Glasner,82,M,17,1,no,no,no,55,38,38,45,22,61,no
283,Beryle,Mintoff,49,F,18,4,yes,yes,yes,50,38,42,45,73,60,yes
284,Audry,Sellstrom,55,F,18,2,no,no,yes,58,50,52,54,67,67,yes
285,Salomi,Acom,49,F,17,2,yes,no,no,65,42,45,46,65,68,yes
286,Court,Henbury,61,M,17,2,no,yes,no,45,49,57,57,43,49,yes
287,Wilbur,Hawk,67,F,18,3,yes,yes,no,56,39,50,45,68,57,yes
288,Pattie,Drance,76.5,F,17,3,yes,yes,no,55,54,49,37,67,60,yes
289,Timmie,Robbs,54,M,18,3,no,yes,yes,58,44,54,47,45,51,yes
290,Corie,Manuaud,60.25,M,18,2,yes,yes,yes,56,40,48,43,45,57,yes
291,Marybeth,Bickardike,63,M,18,2,yes,yes,yes,60,38,64,53,36,66,yes
292,Georgeta,Neave,71,F,17,3,yes,yes,no,48,45,39,46,56,53,yes
293,Dudley,Doumenc,62.75,F,18,2,no,no,no,45,48,77,46,38,58,yes
294,Berty,Cunio,57.5,F,17,4,yes,yes,no,55,47,54,48,58,53,yes
295,Valera,Conniam,59.5,M,18,3,yes,yes,yes,52,44,49,51,56,53,yes
296,Joletta,Mixworthy,67,M,17,1,yes,yes,no,54,41,38,44,35,61,yes
297,Carlee,Aksell,65.5,F,19,2,yes,yes,yes,52,41,59,44,39,55,yes
298,Dasha,Pattingson,70,F,18,2,yes,yes,no,62,44,42,43,38,55,yes
299,Emilie,Mantz,48.75,F,18,4,yes,yes,no,58,50,52,45,40,58,yes
300,Ashil,Conre,42,M,18,1,yes,yes,no,53,46,47,38,35,58,yes
301,Oralie,Jewar,54,F,18,2,yes,no,no,55,57,44,36,64,59,yes
302,Berkly,Bootton,88,M,17,1,no,yes,no,55,48,44,44,76,68,yes
303,Gus,Highton,92.5,F,17,3,yes,yes,no,46,38,39,52,38,60,yes
304,Gerardo,Greenly,49.5,F,17,4,yes,yes,yes,53,48,43,41,46,61,yes
305,Bradan,Tree,53.5,M,19,2,yes,no,yes,51,42,49,42,45,56,yes
306,Tomkin,Filde,56.5,F,18,2,yes,yes,yes,56,36,38,48,64,56,yes
307,Evonne,Hughesdon,74.5,M,20,1,no,no,yes,55,42,40,44,71,57,yes
308,Rorke,Grieves,76,M,19,1,yes,yes,no,52,52,51,44,36,56,yes
309,Simona,Mouan,89,M,19,2,no,no,yes,56,48,41,47,66,57,yes
310,Shirleen,Bonicelli,81.5,F,19,2,yes,no,yes,50,35,46,55,41,52,yes
311,Mattheus,Jandera,82,F,19,2,no,no,yes,58,45,42,43,67,47,yes
312,Den,Learie,49,F,19,2,yes,no,no,48,39,46,47,47,53,no
313,Bernardo,Perutto,55,M,19,2,no,no,no,55,44,41,54,46,51,yes
314,Emmy,Pibsworth,49,F,19,2,yes,yes,no,60,46,47,32,39,53,yes
315,Melisenda,Gaspar,61,F,19,3,no,no,no,46,46,35,47,50,61,yes
316,Gisela,Pittford,67,F,19,3,no,no,no,50,47,38,50,39,50,yes
317,Filippo,Causon,76.5,F,18,2,yes,yes,yes,46,42,47,40,53,65,yes
318,Hilary,Baldelli,54,F,18,3,yes,yes,yes,57,52,35,42,76,59,yes
319,Melly,Gaish,60.25,F,17,3,yes,yes,yes,51,56,41,33,75,53,yes
320,Rosmunda,Ebrall,63,F,18,2,yes,yes,no,54,35,40,44,48,61,yes
321,Inigo,Charette,71,F,17,2,yes,yes,no,53,47,36,41,77,65,yes
322,La verne,Trowill,62.75,F,17,2,yes,no,no,55,37,40,46,50,47,yes
323,Delcina,Prendergrast,57.5,F,17,3,yes,yes,yes,56,30,33,47,38,55,no
324,Carolan,Cashell,59.5,F,17,3,yes,no,no,52,47,46,52,38,41,yes
325,Harriet,Gethins,67,F,17,3,no,no,no,54,36,36,52,40,54,yes
326,Biron,Moodie,65.5,M,18,3,no,no,yes,38,53,43,54,68,58,yes
327,Bale,Stamper,70,M,17,1,no,no,yes,64,53,32,37,25,53,no
328,Vergil,Moukes,48.75,M,17,1,yes,no,no,62,44,39,33,25,59,no
329,Foster,Petru,42,F,17,3,yes,yes,yes,54,50,33,47,20,55,no
330,Orin,Asaaf,54,F,17,3,yes,yes,no,54,36,57,47,19,56,yes
331,Emmery,Janca,88,M,18,4,yes,no,yes,40,41,46,37,26,61,yes
332,Beltran,Leemans,92.5,F,17,3,yes,no,no,57,35,38,41,69,60,yes
333,Vonni,Iskower,49.5,F,18,2,no,no,yes,50,38,36,44,50,58,yes
334,Leonidas,Matteucci,53.5,F,18,2,no,no,yes,45,43,53,44,29,51,no
335,Ellette,Wyne,56.5,F,18,4,no,no,yes,57,50,63,49,35,55,yes
336,Odey,Casazza,74.5,F,17,3,no,no,no,42,37,57,45,41,46,yes
337,Trixie,Vinter,76,F,19,3,no,yes,no,44,51,41,47,30,46,yes
338,Reba,Zanardii,89,F,17,2,yes,yes,no,48,51,52,41,45,44,yes
339,Katlin,Jeandon,81.5,F,18,4,yes,no,no,64,43,37,47,77,59,yes
340,Aubine,Galgey,82,F,17,2,yes,yes,no,51,47,40,30,45,59,yes
341,Mel,Battershall,49,F,19,3,no,yes,yes,44,46,45,48,56,57,yes
342,Marga,Kuschek,55,M,18,2,yes,no,yes,52,35,44,35,75,61,yes
343,Cassaundra,Justham,49,M,18,2,no,no,yes,46,41,45,45,46,58,yes
344,Kathy,Costy,61,F,17,2,yes,no,no,54,49,44,44,67,46,yes
345,Kay,Furzey,67,F,18,3,yes,no,no,62,43,38,55,56,48,yes
346,Patton,Ockenden,76.5,F,18,3,no,no,no,62,43,36,46,58,66,yes
347,Ly,Rego,54,M,18,3,no,no,no,51,39,35,42,48,61,yes
348,Gisella,Davidek,60.25,M,18,3,yes,yes,no,51,42,39,42,58,57,yes
349,Kendrick,Charnock,63,F,17,3,yes,yes,yes,45,35,38,38,67,62,yes
350,Christopher,Moniker,71,M,18,1,yes,no,no,48,48,52,35,48,59,yes
351,Noe,Grimsdale,62.75,M,19,2,no,no,no,55,43,52,47,58,58,yes
352,Wenonah,Chesworth,57.5,M,17,2,yes,yes,no,33,46,48,58,48,61,no
353,Rhona,Claye,59.5,M,18,1,no,no,no,56,38,42,35,36,50,no
354,Rockey,Foli,67,M,19,1,yes,no,no,37,38,44,43,40,57,yes
355,Rex,Wixon,65.5,M,17,2,yes,yes,yes,51,41,41,37,67,55,yes
356,Geoffrey,Roullier,70,F,18,2,yes,no,no,46,38,38,43,57,56,yes
357,Willey,Riepel,48.75,F,17,2,yes,yes,yes,61,43,54,46,47,57,yes
358,Guthrie,Gloster,42,F,17,2,no,no,no,61,57,41,38,49,54,yes
359,Charlot,Kollas,54,M,18,1,no,no,no,58,41,67,40,45,55,yes
360,Kenneth,Featherstone,88,F,18,3,no,no,no,53,36,42,42,39,60,yes
361,Langsdon,Yakolev,92.5,F,18,2,no,no,no,48,43,56,52,39,46,yes
362,Hillary,Donavan,49.5,M,18,2,no,no,yes,41,39,55,46,44,41,no
363,Muffin,Faragher,53.5,F,18,2,yes,no,no,60,37,33,44,37,55,no
364,Gratia,Caulwell,56.5,F,17,2,yes,yes,yes,45,47,40,43,67,58,yes
365,Emyle,Rois,74.5,F,17,2,no,no,no,44,49,41,37,47,55,yes
366,Sigismond,Scotchforth,76,M,18,2,yes,yes,no,46,43,30,42,47,58,yes
367,Agathe,Harby,89,M,18,3,no,yes,no,36,39,38,48,50,56,yes
368,Julio,Archell,81.5,F,17,1,yes,yes,no,57,50,40,39,45,53,yes
369,Jesus,Renner,82,F,18,1,yes,yes,no,42,50,49,51,37,51,yes
370,Osborn,Beals,49,F,18,2,yes,yes,no,52,47,76,35,50,59,yes
371,Peadar,Orrett,55,F,19,2,no,no,yes,54,44,67,41,67,44,yes
372,Brandon,Iddens,49,M,18,1,yes,yes,yes,42,42,36,37,20,60,no
373,Colette,Hall,61,F,17,3,no,no,yes,37,56,55,44,57,60,yes
374,Frederick,Radford,67,F,17,1,no,no,yes,50,41,42,38,58,41,yes
375,Cynthia,Deighan,76.5,F,18,3,no,no,no,53,37,41,34,19,57,no
376,Madison,Tidgewell,54,F,18,3,no,no,no,52,33,33,40,66,58,no
377,Selestina,Lapsley,60.25,F,20,3,yes,yes,no,47,46,35,38,66,44,yes
378,Alvie,O'Gavin,63,F,18,2,no,yes,yes,44,47,47,56,35,49,yes
379,Vaughn,Margarson,71,F,18,2,no,yes,no,46,64,54,67,86,50,yes
380,Melisenda,Burnsides,62.75,F,17,2,yes,yes,yes,46,38,37,36,56,55,yes
381,Aurore,Tomasian,57.5,M,18,2,no,yes,yes,57,37,42,35,67,57,yes
382,Parrnell,Kaminski,59.5,M,18,1,no,no,yes,45,37,37,38,62,57,yes
383,Beatrix,Clemo,67,M,17,2,no,no,yes,51,39,39,43,56,44,yes
384,Hugibert,James,65.5,M,19,1,no,no,no,46,36,46,40,38,36,yes
385,Valle,Semon,70,M,18,1,no,yes,no,37,45,39,67,57,58,yes
386,Kessia,Escritt,48.75,F,18,3,no,yes,no,57,40,41,86,50,42,yes
387,Esteban,Quinnell,42,F,18,1,yes,yes,yes,38,41,36,38,87,45,yes
388,Kaia,Varrow,54,F,19,3,no,no,yes,37,37,37,34,32,60,no
389,Elisabet,Guthrie,88,F,18,2,yes,yes,no,55,37,33,35,67,50,no
390,Callean,Turford,92.5,F,18,2,no,no,yes,33,45,41,36,56,45,no
391,Krisha,Jery,49.5,M,20,2,yes,yes,no,55,39,35,36,56,57,yes
392,Jyoti,Corke,53.5,M,17,1,no,no,no,44,40,39,36,45,38,yes
393,Danie,Farland,56.5,M,21,1,no,no,no,45,33,28,37,20,54,no
394,Leonerd,Glaysher,74.5,M,18,1,no,no,no,34,35,34,34,22,56,no
395,Rois,Shinner,76,M,19,1,no,no,no,44,35,35,35,9,48,no
396,Saleem,Biasi,89,M,18,1,yes,yes,no,55,35,43,35,15,46,no
397,Elayne,Meriott,81.5,F,18,2,yes,no,no,42,31,33,33,21,58,no
398,Hartwell,Iacovo,82,M,17,1,no,yes,no,39,42,42,44,16,33,no
399,Opaline,Thunders,49,F,17,3,yes,yes,no,38,37,44,33,31,35,no
400,Abbe,Heale,55,F,17,4,yes,yes,yes,60,53,64,49,50,71,yes
401,Henrie,Bryceson,49,M,19,2,yes,no,yes,60,61,55,65,48,69,yes
402,Stormie,Keates,61,F,18,2,yes,yes,yes,62,60,48,56,58,69,yes
403,Quentin,McGrey,67,M,20,1,no,no,yes,50,64,62,55,39,64,yes
404,Ivor,Quipp,76.5,M,19,1,yes,yes,no,57,65,58,51,46,58,yes
405,Randi,Hawney,54,M,19,2,no,no,yes,63,49,45,62,47,68,yes
406,Roberta,Yeldon,60.25,F,19,2,yes,no,yes,54,61,57,55,56,61,yes
407,Lauritz,Connealy,63,F,19,2,no,no,yes,61,62,63,63,39,68,yes
408,Gretal,Collacombe,71,F,19,2,yes,no,no,53,57,58,49,46,61,yes
409,Mirna,Deavall,62.75,M,19,2,no,no,no,62,55,53,47,54,58,yes
410,Noell,Dolman,57.5,F,19,2,yes,yes,no,54,59,51,50,39,68,yes
411,Shaun,Arnason,59.5,F,19,3,no,no,no,55,51,56,70,51,64,yes
412,Chickie,Bumpass,67,F,19,3,no,no,no,65,58,56,55,77,65,yes
413,Camey,Keefe,65.5,F,18,2,yes,yes,yes,55,59,62,41,35,67,yes
414,Ethelred,Vasyagin,70,F,18,3,yes,yes,yes,55,49,60,59,37,59,yes
415,Weidar,Kann,48.75,F,17,3,yes,yes,yes,67,55,59,50,39,56,yes
416,Den,Jantel,42,F,18,2,yes,yes,no,56,49,65,68,35,70,yes
417,Andee,Lamplugh,54,M,18,1,yes,yes,no,58,52,55,71,44,65,yes
418,Whitaker,Brockie,88,M,18,1,no,no,no,45,60,64,51,36,62,yes
419,Hyacintha,Swayland,92.5,F,18,3,no,no,no,65,52,54,63,35,67,yes
420,Myles,Frossell,49.5,F,18,2,no,no,no,60,58,57,66,39,54,yes
421,Torin,Gouck,53.5,M,18,2,no,no,yes,55,51,48,60,34,61,no
422,Roderick,Fotheringham,56.5,F,18,2,yes,no,no,65,56,48,52,54,64,yes
423,Rainer,Pail,74.5,F,17,2,yes,yes,yes,67,48,48,50,42,72,yes
424,Teresita,Bicker,76,F,17,2,no,no,no,60,52,51,55,48,58,yes
425,Prudi,Pawlett,89,M,18,2,yes,yes,no,60,51,56,50,35,67,yes
426,Darby,Suett,81.5,M,18,3,no,yes,no,47,56,57,57,45,64,yes
427,Alejoa,Shurrocks,82,F,17,1,yes,yes,no,65,53,56,56,32,68,yes
428,Heriberto,Feedome,49,F,18,1,yes,yes,no,58,47,57,67,39,47,yes
429,Rhonda,Fenimore,55,F,18,2,yes,yes,no,60,58,57,42,56,60,yes
430,Padraig,Sego,49,F,19,2,no,no,yes,60,37,56,53,39,66,yes
431,Blinny,Itzig,61,M,18,1,yes,yes,yes,67,52,60,62,67,64,no
432,Conni,Reany,67,F,17,3,no,no,yes,65,50,50,54,64,61,yes
433,Pierce,Klimashevich,76.5,F,17,1,no,no,yes,60,57,54,48,76,59,yes
434,Sharline,Strudwick,54,F,18,3,no,no,no,57,52,54,65,43,62,yes
435,Dominique,Greiswood,60.25,F,18,3,no,no,no,54,52,59,53,41,56,yes
436,Davide,Rodell,63,F,20,3,yes,yes,no,60,57,46,54,44,63,yes
437,Gabe,Staynes,71,F,18,2,no,yes,yes,64,49,44,51,38,58,yes
438,Leila,Whistan,62.75,F,18,2,no,yes,no,53,61,54,51,67,63,yes
439,Hatti,Eyles,57.5,M,18,1,no,no,no,61,51,49,49,35,63,yes
440,Port,Wesgate,59.5,F,18,3,no,no,no,58,39,56,55,67,65,yes
441,Naoma,Hopfner,67,F,18,2,no,no,no,48,54,58,44,47,60,yes
442,Kelby,Ronisch,65.5,M,18,2,no,no,yes,60,49,49,50,42,53,no
443,April,Crowder,70,F,18,2,yes,no,no,65,46,49,47,56,64,yes
444,Petr,Ganny,48.75,F,17,2,yes,yes,yes,60,53,53,59,76,55,yes
445,Shari,Krikorian,42,F,17,2,no,no,no,70,48,43,58,38,59,yes
446,Marje,Dennington,54,M,18,2,yes,yes,yes,56,54,47,50,40,60,yes
447,Emmery,Lorenzetto,88,F,18,2,yes,no,no,62,52,55,61,67,60,no
448,Casey,Eymer,92.5,F,19,2,yes,yes,yes,55,57,58,43,46,60,yes
449,Bennie,Cobson,49.5,F,18,4,yes,yes,yes,58,55,46,59,28,59,yes
450,Ximenez,Bang,53.5,F,18,2,yes,yes,no,53,63,54,59,87,51,yes
451,Tanhya,Goldsby,56.5,M,17,2,yes,yes,yes,64,58,53,42,36,58,yes
452,Rube,Mowat,74.5,F,17,2,yes,yes,no,55,55,56,46,37,59,yes
453,Isaiah,Eberst,76,F,17,2,yes,yes,no,52,59,47,54,35,63,yes
454,Kellby,Grzeskowski,89,F,18,2,no,no,no,61,51,49,60,38,69,no
455,Edsel,Fishpool,81.5,M,18,1,no,yes,yes,72,52,55,53,77,52,yes
456,Roger,Cunah,82,F,18,2,yes,no,yes,51,57,49,43,46,69,yes
457,Filberto,McElree,49,M,18,1,no,yes,yes,42,63,58,47,75,55,yes
458,Aleece,Tick,55,M,17,1,no,yes,yes,63,58,54,42,56,62,yes
459,Ofella,McClenan,49,M,17,1,no,no,no,66,58,52,57,67,65,yes
460,Chelsae,Rimmer,61,F,18,4,yes,yes,yes,57,54,57,52,45,67,yes
461,Galen,Longhi,67,F,18,2,no,no,yes,51,49,43,65,56,50,yes
462,Torrence,Mobley,76.5,F,17,2,yes,no,no,53,49,52,57,56,61,yes
463,Stillman,Arnaut,54,M,17,2,no,yes,no,52,40,58,62,44,57,yes
464,Starlin,Shurmer,60.25,F,18,3,yes,yes,no,56,50,49,57,49,64,yes
465,Kevan,Elwell,63,M,18,2,yes,yes,yes,62,53,45,52,86,53,yes
466,Horton,Yukhnini,71,F,18,2,yes,no,no,63,50,40,54,54,67,no
467,Dara,Ferrier,62.75,F,19,2,yes,yes,yes,55,47,45,48,74,59,yes
468,Gianni,Rodder,57.5,F,18,4,yes,yes,yes,66,52,43,45,76,67,yes
469,Vite,Phethean,59.5,F,18,2,yes,yes,no,61,44,56,55,36,56,yes
470,Erinna,Brotherhed,67,M,17,2,yes,yes,yes,58,50,51,46,76,66,yes
471,Jacquenetta,Milesop,65.5,F,17,2,yes,yes,no,48,39,42,51,42,59,yes
472,Brent,Cowlam,70,F,17,2,yes,yes,no,57,42,53,52,40,64,yes
473,Angil,Perillo,48.75,F,18,2,no,no,no,57,54,49,45,35,65,no
474,Lisle,Nugent,42,M,18,3,yes,yes,no,58,47,56,53,75,59,yes
475,Maryrose,Schlagtmans,54,F,17,3,yes,yes,yes,65,51,51,37,36,62,yes
476,Clareta,Feldhorn,88,M,18,1,yes,no,no,53,50,52,56,65,69,yes
477,Towny,Syce,92.5,M,19,2,no,no,no,65,42,35,46,36,66,yes
478,Dalli,Cottham,49.5,M,17,2,yes,yes,no,51,46,56,57,28,47,yes
479,Hussein,Linnitt,53.5,M,18,1,no,no,no,55,59,40,51,76,61,no
480,Gayleen,Vardy,56.5,M,19,1,yes,no,no,63,51,52,51,75,68,yes
481,Dannie,Laimable,74.5,M,17,2,yes,yes,yes,55,47,47,49,64,66,yes
482,Zed,Spratling,76,F,18,2,yes,no,no,53,53,41,44,46,60,yes
483,Jeremiah,Kohlerman,89,F,17,2,yes,yes,yes,51,48,40,47,44,58,yes
484,Dietrich,Amys,81.5,F,17,2,no,no,no,45,38,58,52,41,59,yes
485,Heinrik,Kilfoyle,82,M,18,1,no,no,no,55,51,38,45,41,57,yes
486,Annadiane,Moakson,49,F,18,3,no,no,no,56,45,45,45,38,51,yes
487,Linn,Crang,55,F,18,2,no,no,no,60,40,53,57,39,56,yes
488,Saundra,Hansed,49,M,18,2,no,no,yes,51,48,44,46,39,52,no
489,Karyl,Horburgh,61,F,18,2,yes,no,no,58,42,57,51,35,53,yes
490,Barnabe,Monkhouse,67,F,17,2,yes,yes,yes,63,38,51,48,39,62,yes
491,Meredeth,Greasley,76.5,F,17,2,no,no,no,54,53,53,45,39,58,yes
492,Pam,Crannage,54,M,18,2,yes,yes,no,51,42,46,43,64,63,yes
493,Matty,Mussard,60.25,M,18,3,no,yes,no,54,43,41,50,58,57,yes
494,Nessa,Norris,63,F,17,1,yes,yes,no,57,48,44,43,35,49,yes
495,Alyce,Mewhirter,71,F,18,1,yes,yes,no,60,48,45,40,65,52,yes
496,Cecilio,Turneux,62.75,M,18,3,yes,yes,no,50,36,55,42,56,48,yes
497,Nona,Arunowicz,57.5,F,17,3,yes,yes,yes,65,42,51,47,75,57,yes
498,Stanislaw,Gilks,59.5,M,18,1,yes,no,no,62,60,37,52,74,56,yes
499,Kirby,Ridgway,67,M,19,2,no,no,no,52,49,49,40,48,60,no
500,Hermina,Allard,65.5,M,17,2,yes,yes,no,51,44,54,46,65,56,no
501,Christie,Whyffen,70,F,17,4,yes,yes,yes,57,36,48,39,38,61,yes
502,Melinde,Ogers,48.75,M,19,2,yes,no,yes,56,34,48,58,28,55,no
503,Cheri,O'Loghlen,42,F,18,2,yes,yes,yes,57,44,43,44,31,60,no
504,Aida,Ashenhurst,54,M,20,1,no,no,yes,58,51,34,53,22,53,no
505,Richmound,Davitashvili,88,M,19,1,yes,yes,no,55,58,44,37,20,60,yes
506,Angel,McEachern,92.5,M,19,2,no,no,yes,57,42,39,42,29,65,no
507,Stephannie,Cabrara,49.5,F,19,2,yes,no,yes,58,55,39,46,44,60,yes
508,Ingrim,McNeillie,53.5,F,19,2,no,no,yes,51,40,41,46,45,47,yes
509,Noach,Wiggam,56.5,F,19,2,yes,no,no,55,38,45,37,42,55,yes
510,Errick,Charters,74.5,M,19,2,no,no,no,57,51,36,48,29,48,no
511,Winfred,Sextie,76,F,19,2,yes,yes,no,61,37,49,58,45,47,yes
512,Corenda,Sirr,89,F,19,3,no,no,no,98,93,95,97,98,77,yes
513,Katerina,Burnip,81.5,F,19,3,no,no,no,53,37,50,43,44,46,no
514,Murdoch,Lewins,82,F,18,2,yes,yes,yes,52,49,40,40,46,48,yes
515,Allard,Coveny,49,F,18,3,yes,yes,yes,52,35,55,49,67,58,yes
516,Fredi,De Courtney,55,F,17,3,yes,yes,yes,56,51,45,37,57,49,yes
517,Abbe,Sandars,49,F,18,2,yes,yes,no,50,40,38,35,54,56,yes
518,Donn,Pietersma,61,M,18,1,yes,yes,no,45,47,66,45,68,64,yes
519,Aaron,Banford,67,M,18,1,no,no,no,53,38,42,41,29,52,no
520,Elsworth,Jerzyk,76.5,F,18,3,no,no,no,60,39,51,50,67,53,yes
521,Robinson,Parrett,54,F,18,2,no,no,no,41,48,44,39,36,50,no
522,Steffi,Jacobssen,60.25,M,18,2,no,no,yes,40,36,55,53,35,52,no
523,Jenine,Haggata,63,F,18,2,yes,no,no,50,42,37,40,43,57,yes
524,Mellie,Glander,71,F,17,4,yes,yes,yes,42,39,37,36,67,55,yes
525,Abbot,Heckney,62.75,M,19,2,yes,no,yes,41,51,35,53,55,56,yes
526,Celene,Hann,57.5,F,18,2,yes,yes,yes,78,57,89,48,56,45,yes
527,Maribelle,Darinton,59.5,M,20,1,no,no,yes,40,50,49,54,67,56,yes
528,Theodore,Titterrell,67,M,19,1,yes,yes,no,68,65,45,58,44,54,yes
529,Mortie,Darke,65.5,M,19,2,no,no,yes,57,36,48,39,38,61,yes
530,Dannel,Nockles,70,F,19,2,yes,no,yes,56,44,48,58,45,55,yes
531,Pierre,Kail,48.75,F,18,3,no,no,no,57,44,43,44,31,60,no
532,Nicolas,Jiri,42,F,18,2,no,no,no,58,51,34,53,22,53,no
533,Linell,Alexis,54,M,18,2,no,no,yes,55,58,44,37,20,60,no
534,Cordi,Mackrell,88,F,18,2,yes,no,no,57,42,39,42,29,65,no
535,Moises,Gronou,92.5,F,17,2,yes,yes,yes,58,45,39,46,44,60,yes
536,Sheffie,Manuello,49.5,F,17,2,no,no,no,51,40,41,46,27,47,no
537,Kelley,Glencross,53.5,M,18,2,yes,yes,no,55,38,45,37,42,55,yes
538,Bran,Leatherborrow,56.5,M,18,3,no,yes,no,57,51,36,48,56,48,yes
539,Becky,Yellop,74.5,F,17,1,yes,yes,no,61,37,49,58,67,47,yes
540,Hayward,Eagleton,76,F,18,1,yes,yes,no,58,43,56,45,67,59,yes
541,Cal,Hospital,89,M,18,3,yes,yes,no,53,37,50,43,44,46,yes
542,Georgie,Blant,81.5,F,17,3,yes,yes,yes,52,49,40,40,29,48,no
543,Ursulina,Mathys,82,M,18,1,yes,no,no,52,35,55,49,23,58,no
544,Zeb,Dulin,49,M,19,2,no,no,no,56,51,45,37,18,49,no
545,Reuben,Blaske,55,M,17,2,yes,yes,no,50,40,38,35,38,56,yes
546,Martita,Merrifield,49,F,17,4,yes,yes,yes,45,47,45,45,49,64,yes
547,Abran,Gilogly,61,M,19,2,yes,no,yes,53,38,42,41,78,52,yes
548,Jeffie,Lethabridge,67,F,18,2,yes,yes,yes,60,39,51,39,67,53,yes
549,Kyla,Gedge,76.5,M,20,1,no,no,yes,41,48,44,39,36,50,yes
550,Wallas,Gammage,54,M,19,1,yes,yes,no,40,36,55,53,35,52,yes
551,Rayshell,Soan,60.25,M,19,2,no,no,yes,50,42,37,40,78,57,yes
552,Fabio,Catonne,63,F,19,2,yes,no,yes,42,32,37,34,89,55,no
553,Gaston,Lydiatt,71,F,19,2,no,no,yes,41,32,35,33,15,56,no
554,Garnet,Zecchini,62.75,F,19,2,yes,no,no,64,60,64,60,34,68,no
555,Alistair,Franzewitch,57.5,M,19,2,no,no,no,56,63,59,63,49,64,yes
556,Brander,Golling,59.5,F,19,2,yes,yes,no,56,65,57,58,54,70,yes
557,Cleon,Wycherley,67,F,19,3,no,no,no,70,59,59,54,42,62,yes
558,Zsa zsa,Akroyd,65.5,F,19,3,no,no,no,65,63,55,54,48,60,yes
559,Eldin,Jados,70,M,16,2,yes,yes,yes,63,61,59,59,43,64,yes
560,Tarrance,Shuxsmith,48.75,M,16,2,no,no,no,64,61,53,59,41,60,yes
561,Edee,Tarling,42,F,17,2,yes,no,no,62,52,62,60,41,63,yes
562,Phylis,Hogbin,54,M,15,2,yes,yes,no,60,66,62,58,67,61,yes
563,Hyman,Gorce,88,M,15,2,yes,yes,yes,64,58,56,62,36,63,yes
564,Brigida,Ivakhnov,92.5,F,15,2,yes,yes,no,72,61,54,56,53,58,yes
565,Mufi,Bockett,49.5,F,15,3,yes,no,yes,58,55,64,55,42,68,yes
566,Margie,Redmille,53.5,M,15,1,yes,yes,yes,60,50,61,66,38,71,yes
567,Rasla,Rochford,56.5,M,15,2,yes,yes,no,57,59,54,60,44,67,yes
568,Redd,Bener,74.5,M,15,3,yes,no,no,71,58,62,67,34,68,no
569,Almeta,Fellis,76,F,16,1,yes,no,no,53,38,42,41,29,52,no
570,Pru,Hotchkin,89,F,16,3,yes,yes,yes,60,39,51,30,31,53,no
571,Oates,Dugget,81.5,F,16,2,yes,no,yes,41,48,44,39,36,50,yes
572,Nancey,Rattrie,82,M,17,1,yes,no,yes,40,36,55,53,35,52,yes
573,Clarette,Stallion,49,M,16,1,no,yes,yes,50,42,37,40,13,57,no
574,Jesse,Kubczak,55,M,15,2,no,no,no,42,32,37,34,19,55,no
575,Nadiya,Antosch,49,M,15,1,yes,yes,no,41,32,35,33,66,56,no
576,Consuela,Leaning,61,M,16,2,no,no,yes,78,57,89,48,56,45,yes
577,Kearney,Bleas,67,M,16,2,yes,no,yes,40,50,49,54,67,56,yes
578,Hermon,Leeson,76.5,F,15,3,yes,yes,yes,68,65,45,58,44,54,yes
579,Quintin,Sawkins,54,F,16,1,yes,yes,no,57,36,48,39,38,61,yes
580,Nate,Headland,60.25,M,15,1,yes,yes,no,56,34,48,58,76,55,yes
581,Donavon,Salsberg,63,M,15,1,no,yes,no,57,44,43,44,31,60,no
582,Chevy,Eves,71,M,16,1,no,no,yes,58,51,34,53,22,53,no
583,Padriac,Georger,62.75,M,16,2,yes,yes,yes,55,58,44,37,45,60,yes
584,Jammal,Grigor,57.5,M,15,2,yes,yes,no,57,42,39,42,46,65,yes
585,Maude,Grastye,59.5,M,15,2,yes,no,yes,58,40,39,46,44,60,yes
586,Terry,Dinis,67,M,15,2,yes,no,yes,51,40,41,46,56,47,yes
587,Josi,Chapell,65.5,M,19,2,no,no,no,55,38,45,37,42,55,yes
588,Marleen,Carley,70,M,17,1,no,no,no,60,39,51,30,31,53,no
589,Shani,Fortnam,48.75,F,17,4,yes,yes,yes,80,87,88,99,90,70,yes
590,Worthington,Barabisch,42,M,19,2,yes,no,yes,57,44,43,44,66,60,yes
591,Annelise,Mablestone,54,F,18,2,yes,yes,yes,60,39,51,67,88,53,yes
592,Conrad,Bonhill,88,M,20,1,no,no,yes,93,98,90,95,99,92,yes
593,Andrei,Gorringe,92.5,M,19,1,no,no,no,30,20,51,30,31,53,no
594,Wadsworth,Hiskey,49.5,M,19,2,no,no,yes,41,48,44,39,36,50,yes
595,Connor,Hanlin,53.5,F,19,2,yes,no,yes,60,39,51,55,41,53,yes
596,Rockey,Ashfield,56.5,F,19,2,no,no,yes,57,44,43,44,66,60,yes
597,Pandora,Lanegran,74.5,F,19,2,yes,no,no,51,55,43,47,40,40,no
598,Gayelord,Gai,76,M,19,2,no,no,no,53,38,42,41,44,52,yes
599,Jerrie,Aberdeen,89,F,19,2,yes,yes,no,60,39,51,45,88,53,yes
600,Jarret,Damiata,81.5,F,19,3,no,no,no,41,48,44,39,36,50,yes
601,Inness,Santhouse,82,F,19,3,no,no,no,40,36,55,53,35,52,yes
602,Valery,Durtnal,49,F,18,2,yes,yes,yes,50,42,37,40,50,57,yes
603,Sammy,Prest,55,F,18,3,yes,yes,yes,89,90,67,78,88,90,yes
604,Gennifer,Crux,49,F,17,3,yes,yes,yes,41,89,35,56,66,56,yes
605,Charmain,Mellonby,61,M,15,3,yes,no,no,78,57,89,48,56,45,yes
606,Ansell,Brim,67,F,16,1,yes,no,no,40,50,49,54,67,56,yes
607,Hedi,Iredell,76.5,F,16,3,yes,yes,yes,68,65,45,58,44,54,yes
608,Berke,Hurley,54,F,16,2,yes,no,yes,57,36,48,39,38,61,yes
609,Boycie,Massy,60.25,M,17,1,yes,no,yes,56,34,48,58,28,55,no
610,Hesther,Mattiato,63,M,16,1,no,yes,yes,57,44,43,44,89,60,yes
611,Pren,Dorin,71,M,15,2,no,no,no,58,51,34,53,22,53,no
612,Katrina,Badsworth,62.75,M,15,1,yes,yes,no,55,58,44,78,70,60,yes
613,Marsha,Deluce,57.5,M,16,2,no,no,yes,57,42,39,42,77,65,yes
614,Angelina,Islep,59.5,M,16,2,yes,no,yes,58,41,39,46,44,60,yes
615,Virgie,Cathel,67,F,15,3,yes,yes,yes,51,40,41,46,45,47,yes
616,Correy,Kender,65.5,F,16,1,yes,yes,no,55,38,45,37,42,55,yes
617,Brendin,Libermore,70,M,15,1,yes,yes,no,61,65,61,62,57,69,yes
618,Adams,Dunn,48.75,M,15,1,no,yes,no,58,68,62,57,44,66,yes
619,Larry,Brockelsby,42,M,16,2,yes,no,yes,61,60,54,66,48,62,yes
620,Kanya,Bontein,54,M,16,2,yes,yes,yes,70,55,57,53,42,62,yes
621,Morrie,Verman,88,M,15,2,yes,yes,no,52,46,62,65,53,65,yes
622,Sibeal,Wybrew,92.5,M,15,2,yes,no,yes,66,61,55,58,50,70,yes
623,Batsheva,Dornin,49.5,M,15,2,yes,no,yes,64,60,64,60,34,68,no
624,Wake,Meachem,53.5,F,15,2,yes,yes,no,56,63,59,63,49,64,yes
625,York,Culbert,56.5,F,15,3,yes,no,yes,56,65,57,58,54,70,yes
626,Harley,Maisey,74.5,M,15,1,yes,yes,yes,70,59,59,54,42,62,yes
627,Kimberly,Tarborn,76,M,15,2,yes,yes,no,65,63,55,54,48,60,yes
628,Hertha,Riggoll,89,M,15,3,yes,no,no,63,61,59,59,43,64,yes
629,Konstantine,Stanworth,81.5,F,16,1,yes,no,no,64,61,53,59,41,60,yes
630,Enriqueta,Breznovic,82,F,16,3,yes,yes,yes,62,52,62,60,41,63,yes
631,Loise,Wittier,49,F,16,2,yes,no,yes,60,66,62,58,77,61,yes
632,Bernardo,Chaldecott,55,M,17,1,yes,no,yes,64,58,56,62,36,63,yes
633,Michael,Brabyn,49,M,16,1,no,yes,yes,72,61,54,56,53,58,yes
634,Linell,Dunseith,61,M,15,2,no,no,no,58,55,64,55,42,68,yes
635,Konstance,O'Grada,67,M,15,1,yes,yes,no,60,50,61,66,38,71,yes
636,Georgie,Bendson,76.5,M,16,2,no,no,yes,64,58,56,62,36,63,yes
637,Kit,Dudson,54,M,16,2,yes,no,yes,72,61,54,56,53,58,yes
638,Rupert,Cragell,60.25,F,15,3,yes,yes,yes,58,55,64,55,42,68,yes
639,Poul,Kuzma,63,F,16,1,yes,yes,no,60,50,61,66,38,71,yes
640,Warde,Riepl,71,M,15,1,yes,yes,no,57,59,54,60,44,67,yes
641,Mannie,Chrystie,62.75,M,15,1,no,yes,no,71,58,62,67,34,68,no
642,Rossie,Palfrey,57.5,M,19,2,no,no,no,56,69,63,65,41,58,yes
643,Phebe,Domerq,59.5,M,17,2,yes,yes,no,53,57,51,52,43,71,yes
644,Milli,Gamlin,67,F,17,4,yes,yes,yes,63,52,41,62,42,71,yes
645,Quinton,Gunning,65.5,M,19,2,yes,no,yes,55,53,58,56,47,61,yes
646,Lusa,Streeten,70,F,18,2,yes,yes,yes,62,52,55,61,47,63,yes
647,Evaleen,Gormally,48.75,M,20,1,no,no,yes,64,48,60,58,31,60,no
648,Terry,Walentynowicz,42,M,19,1,yes,yes,no,48,61,54,53,38,64,yes
649,Pauletta,Ivanitsa,54,M,19,2,no,no,yes,54,62,52,54,42,60,yes
650,Rochester,Astridge,88,F,19,2,yes,no,yes,67,57,61,61,38,69,yes
651,Bradan,Vondracek,92.5,F,19,2,no,no,yes,58,54,59,62,47,69,yes
652,Viki,Owtram,49.5,F,19,2,yes,no,no,61,50,64,65,50,61,no
653,Claire,Riggey,53.5,M,19,2,no,no,no,53,57,59,69,49,66,yes
654,Aurea,Longea,56.5,F,19,2,yes,yes,no,61,56,47,60,43,69,yes
655,Paton,Quinton,74.5,F,19,3,no,no,no,58,49,56,56,48,62,yes
656,Humberto,Elson,76,F,19,3,no,no,no,60,56,58,44,42,60,yes
657,Dulciana,Crecy,89,F,18,2,yes,yes,yes,54,56,58,56,40,60,yes
658,Mervin,Liveley,81.5,F,18,3,yes,yes,yes,52,56,55,56,38,69,yes
659,Russ,Ramme,82,F,17,3,yes,yes,yes,55,54,65,46,41,61,yes
660,Elinor,Giacomozzo,49,M,19,2,no,no,no,57,50,63,61,51,66,yes
661,Lorraine,Tomowicz,55,M,17,2,yes,yes,no,60,56,59,55,42,70,yes
662,Nero,Lechelle,49,F,17,4,yes,yes,yes,62,53,51,64,40,59,yes
663,Pen,Lory,61,M,19,2,yes,no,yes,53,54,61,49,38,61,yes
664,Alis,Breeder,67,F,18,2,yes,yes,yes,64,48,55,56,39,55,yes
665,Gerrie,McCrostie,76.5,M,20,1,no,no,yes,65,53,60,50,20,56,no
666,Boot,Leynton,54,M,19,1,yes,yes,no,66,49,53,65,41,61,yes
667,Trenton,Figgs,60.25,M,19,2,no,no,yes,67,48,56,62,49,47,yes
668,Lewiss,Ailward,63,F,19,2,yes,no,yes,61,51,51,66,45,61,yes
669,Maryanna,Whiles,71,F,19,2,no,no,yes,65,70,75,71,80,78,yes
670,Christian,Dumigan,62.75,F,19,2,yes,no,no,36,49,29,35,41,29,no
671,Maxi,Bloodworth,57.5,M,19,2,no,no,no,61,56,47,60,43,69,yes
672,Rutherford,Allanson,59.5,F,19,2,yes,yes,no,58,49,56,56,48,62,yes
673,Carly,Clilverd,67,F,19,3,no,no,no,60,56,58,44,42,60,yes
674,Anet,O'Towey,65.5,F,19,3,no,no,no,54,56,58,56,40,60,yes
675,Kelsey,Targe,70,F,18,2,yes,yes,yes,52,56,55,56,38,69,yes
676,Fleur,Blaber,48.75,F,18,3,yes,yes,yes,55,54,65,46,41,61,yes
677,Zachery,Webermann,42,F,17,3,yes,yes,yes,57,50,63,61,51,66,yes
678,Kylila,Pumphreys,54,M,15,2,yes,yes,no,60,56,59,55,42,70,yes
679,Nonnah,McKeggie,88,M,15,2,yes,no,yes,62,53,51,64,40,59,yes
680,Pippy,Lambourne,92.5,M,15,2,yes,no,yes,53,54,61,49,38,61,yes
681,Fidel,Mannix,49.5,F,15,2,yes,yes,no,64,48,55,56,39,55,yes
682,Merralee,Trenouth,53.5,F,15,3,yes,no,yes,65,53,60,50,55,56,yes
683,Marrissa,Gooddy,56.5,M,15,1,yes,yes,yes,66,49,53,65,41,61,yes
684,Bryant,Swatheridge,74.5,M,15,2,yes,yes,no,67,48,56,62,49,47,yes
685,Estell,Werrilow,76,M,15,3,yes,no,no,61,51,51,66,32,61,no
686,Taite,Gamage,89,F,16,1,yes,no,no,65,70,75,71,80,78,yes
687,Sigmund,Gillani,81.5,F,16,3,yes,yes,yes,36,49,29,35,41,77,yes
688,Wenona,Moody,82,F,16,2,yes,no,yes,61,56,47,60,43,69,yes
689,Cordy,Blurton,49,M,17,1,yes,no,yes,58,49,56,56,48,62,yes
690,Alexa,Iorns,55,M,16,1,no,yes,yes,60,56,58,44,42,60,yes
691,Alexis,Spitaro,49,M,15,2,no,no,no,54,56,58,56,40,60,yes
692,Wernher,Beville,61,M,15,1,yes,yes,no,52,56,55,56,38,69,yes
693,Danya,Rossin,67,M,16,2,no,no,yes,55,54,65,46,41,61,yes
694,Udall,Chrystal,76.5,M,16,2,yes,no,yes,57,50,63,61,51,66,yes
695,Elvis,Holdren,54,F,15,3,yes,yes,yes,60,56,59,55,42,70,yes
696,Isa,Levins,60.25,F,16,1,yes,yes,no,62,53,51,64,40,59,yes
697,Jule,Bartaloni,63,M,15,1,yes,yes,no,53,54,61,49,38,61,yes
698,Randie,Kirsop,71,M,15,1,no,yes,no,64,48,55,56,39,55,yes
699,Herc,Kitchinham,62.75,M,15,2,yes,yes,no,65,53,60,50,45,56,yes
700,Salomone,Spottiswoode,57.5,M,15,2,yes,no,yes,66,49,53,65,41,61,yes
701,Duncan,Kivlehan,59.5,M,15,2,yes,no,yes,67,48,56,62,49,47,yes
702,Nonah,Tolomei,67,F,15,2,yes,yes,no,61,51,51,66,56,61,yes
703,Lishe,Kinchlea,65.5,F,15,3,yes,no,yes,65,70,75,71,80,78,yes
704,Dominic,Petrashov,70,M,15,1,yes,yes,yes,36,49,66,35,41,67,yes
705,Eduino,Fenlon,48.75,M,15,2,yes,yes,no,53,57,59,69,49,66,yes
706,Marsha,Wickey,42,M,15,3,yes,no,no,61,56,47,60,43,69,yes
707,Sharai,Lyvon,54,F,16,1,yes,no,no,58,49,56,56,48,62,yes
708,Gustavo,Westgarth,88,F,16,3,yes,yes,yes,60,56,58,44,42,60,yes
709,Vilhelmina,Melbert,92.5,F,16,2,yes,no,yes,54,56,58,56,40,60,yes
710,Danette,Chateau,49.5,M,17,1,yes,no,yes,52,56,55,56,38,69,yes
711,Simon,Annetts,53.5,M,16,1,no,yes,yes,55,54,65,46,37,61,yes
712,Max,Dudliston,56.5,M,15,2,no,no,no,57,50,63,61,51,66,yes
713,Maddy,Bolding,74.5,M,15,1,yes,yes,no,60,56,59,55,42,70,yes
714,Lennie,Fryatt,76,M,16,2,no,no,yes,62,53,51,64,40,59,yes
715,Peadar,Trevethan,89,M,19,2,no,no,no,53,54,61,49,38,61,yes
716,Pietrek,Ferrero,81.5,M,17,2,yes,yes,no,64,48,55,56,39,55,yes
717,Winifred,Dumphrey,82,F,17,4,yes,yes,yes,65,53,60,50,45,56,yes
718,Gertrude,Breedy,49,M,19,2,yes,no,yes,66,49,53,65,41,61,yes
719,Jenni,Everleigh,55,F,18,2,yes,yes,yes,67,48,56,62,49,47,yes
720,Brnaba,Snoxall,49,M,20,1,no,no,yes,61,51,51,66,67,61,yes
721,Connie,Stannard,61,M,19,1,yes,yes,no,50,57,57,54,48,66,yes
722,Lanette,Sangra,67,M,19,2,no,no,yes,57,53,57,46,39,65,yes
723,Celka,Kordas,76.5,F,19,2,yes,no,yes,56,61,57,59,50,64,yes
724,Neddy,Dougary,54,F,19,2,no,no,yes,58,63,45,55,49,64,yes
725,Clarance,Klugel,60.25,F,19,2,yes,no,no,53,57,55,51,36,67,no
726,Gayle,Bartoletti,63,M,19,2,no,no,no,58,57,56,54,49,59,yes
727,Rosalia,Free,71,F,19,2,yes,yes,no,60,58,54,56,44,70,yes
728,Farleigh,Wellington,62.75,F,19,3,no,no,no,70,59,59,54,42,62,yes
729,Wyatt,Thaw,57.5,F,19,3,no,no,no,65,63,55,54,48,60,yes
730,Ann-marie,Lester,59.5,F,18,2,yes,yes,yes,63,61,59,59,43,64,yes
731,Corenda,Poli,67,F,18,3,yes,yes,yes,64,61,53,59,41,60,yes
732,Nicholle,Phear,65.5,F,17,3,yes,yes,yes,62,52,62,60,41,63,yes
733,Oswald,McGiff,70,M,19,2,no,no,no,60,66,62,58,32,61,no
734,Granny,Titta,48.75,M,17,2,yes,yes,no,64,58,56,62,36,63,yes
735,Flora,Mantrup,42,F,17,4,yes,yes,yes,72,61,54,56,53,58,yes
736,Teresina,Elgar,54,M,19,2,yes,no,yes,58,55,64,55,42,68,yes
737,Marillin,Aviss,88,F,18,2,yes,yes,yes,60,50,61,66,38,71,yes
738,Cami,Ledekker,92.5,M,15,2,yes,yes,no,57,59,54,60,44,67,yes
739,Ailbert,Abramski,49.5,M,15,2,yes,no,yes,71,58,62,67,30,68,no
740,Del,Yosifov,53.5,M,15,2,yes,no,yes,56,69,63,65,41,58,yes
741,Duffy,Forge,56.5,F,15,2,yes,yes,no,53,57,51,52,43,71,yes
742,Phyllis,Streeter,74.5,F,15,3,yes,no,yes,63,52,41,62,42,71,yes
743,Waylin,Capnor,76,M,15,1,yes,yes,yes,55,53,58,56,47,61,yes
744,Katharine,Bacup,89,M,15,2,yes,yes,no,62,52,55,61,47,63,yes
745,Aryn,Coop,81.5,M,15,3,yes,no,no,64,48,60,58,31,60,no
746,Errick,Bemand,82,F,16,1,yes,no,no,48,61,54,53,38,64,yes
747,Audi,Gasking,49,F,16,3,yes,yes,yes,54,62,52,54,42,60,yes
748,Cristabel,Wythill,55,F,16,2,yes,no,yes,67,57,61,61,38,69,yes
749,Rustie,Regan,49,M,17,1,yes,no,yes,58,54,59,62,47,69,yes
750,Adella,Thonason,61,M,16,1,no,yes,yes,61,50,64,65,50,61,yes
751,Bryn,Snedker,67,M,15,2,no,no,no,53,57,59,69,49,66,yes
752,Dona,McChruiter,76.5,M,15,1,yes,yes,no,61,56,47,60,43,69,yes
753,Weidar,Telford,54,M,16,2,no,no,yes,58,49,56,56,48,62,yes
754,Barb,Barraclough,60.25,M,16,2,yes,no,yes,60,56,58,44,42,60,yes
755,Gale,Abdey,63,F,15,3,yes,yes,yes,54,56,58,56,40,60,yes
756,Stevana,Lamplough,71,F,16,1,yes,yes,no,52,56,55,56,38,69,yes
757,Aylmer,Conklin,62.75,M,15,1,yes,yes,no,55,54,65,46,41,61,yes
758,Jennica,Phillipson,57.5,M,15,1,no,yes,no,57,50,63,61,51,66,yes
759,Alwyn,Busk,59.5,M,15,2,yes,yes,no,60,56,59,55,42,70,yes
760,Jacquelyn,Ketteringham,67,M,15,2,yes,no,yes,62,53,51,64,40,59,yes
761,Gwenore,Waith,65.5,M,15,2,yes,no,yes,57,53,57,46,39,65,yes
762,Guy,Pelling,70,F,15,2,yes,yes,no,56,61,57,59,50,64,yes
763,Chanda,Poore,48.75,F,15,3,yes,no,yes,58,63,45,55,49,64,yes
764,Max,Tripett,42,M,15,1,yes,yes,yes,53,57,55,51,36,67,yes
765,Aldrich,Wraggs,54,M,15,2,yes,yes,no,58,57,56,54,49,59,yes
766,Trever,Gimert,88,M,15,3,yes,no,no,60,58,54,56,44,70,yes
767,Rochester,Suggett,92.5,F,16,1,yes,no,no,70,59,59,54,42,62,yes
768,Lloyd,Kibblewhite,49.5,F,16,3,yes,yes,yes,65,63,55,54,48,60,yes
769,Reeba,Leathem,53.5,F,16,2,yes,no,yes,63,61,59,59,43,64,yes
770,Travus,Piffe,56.5,M,17,1,yes,no,yes,64,61,53,59,41,60,yes
771,Darryl,Inworth,74.5,M,16,1,no,yes,yes,62,52,62,60,41,63,yes
772,Barbie,Feldberger,76,M,15,2,no,no,no,60,66,62,58,32,61,yes
773,Jackelyn,Blagden,89,M,15,1,yes,yes,no,64,58,56,62,36,63,yes
774,Nowell,Coney,81.5,M,16,2,no,no,yes,72,61,54,56,53,58,yes
775,Lilias,Ewbanke,82,M,16,2,yes,no,yes,58,55,64,55,42,68,yes
776,Ferdie,Sanger,49,F,15,3,yes,yes,yes,60,50,61,66,38,71,yes
777,El,Quirke,55,F,16,1,yes,yes,no,57,59,54,60,44,67,yes
778,Woodrow,Abbet,49,M,19,2,no,no,no,71,58,62,67,23,68,no
779,Rudie,Osan,61,M,17,2,yes,yes,no,56,69,63,65,41,58,yes
780,Natasha,Cansfield,67,F,17,4,yes,yes,yes,53,57,51,52,43,71,yes
781,Shannah,Van Dijk,76.5,M,19,2,yes,no,yes,63,52,41,62,42,71,yes
782,Fremont,Fairfoull,54,F,18,2,yes,yes,yes,61,56,47,60,43,69,yes
783,Far,McMichael,60.25,M,20,1,no,no,yes,58,49,56,56,48,62,yes
784,Salmon,Florence,63,M,19,1,yes,yes,no,60,56,58,44,42,60,yes
785,Katina,Langmuir,71,M,19,2,no,no,yes,54,56,58,56,40,60,yes
786,Gabi,McGaugey,62.75,F,19,2,yes,no,yes,52,56,55,56,45,69,yes
787,Hillary,Giraldo,57.5,F,19,2,no,no,yes,55,54,65,46,41,61,yes
788,Harry,Bussens,59.5,F,19,2,yes,no,no,57,50,63,61,51,66,no
789,Elia,Trinkwon,67,M,19,2,no,no,no,60,56,59,55,42,70,yes
790,Murdock,Glenfield,65.5,F,19,2,yes,yes,no,62,53,51,64,40,59,yes
791,Cary,Ballham,70,F,19,3,no,no,no,57,53,57,46,39,65,yes
792,Andrea,Taunton,48.75,F,19,3,no,no,no,56,61,57,59,50,64,yes
793,Eal,M'Chirrie,42,F,18,2,yes,yes,yes,58,63,45,55,49,64,yes
794,Delcine,Puddle,54,F,18,3,yes,yes,yes,53,57,55,51,36,67,yes
795,Link,Olexa,88,F,17,3,yes,yes,yes,58,57,56,54,49,59,yes
796,Sky,Gaynsford,92.5,M,15,2,yes,yes,no,60,58,54,56,44,70,yes
797,Adelaide,Savil,49.5,M,15,3,yes,no,no,70,59,59,54,42,62,yes
798,Jyoti,Girdlestone,53.5,F,16,1,yes,no,no,65,63,55,54,48,60,yes
799,Regan,Broke,56.5,F,16,3,yes,yes,yes,63,61,59,59,43,64,yes
800,Guenevere,Walkling,74.5,F,16,2,yes,no,yes,64,61,53,59,41,60,yes
801,Gawen,Gerber,76,M,17,1,yes,no,yes,62,52,62,60,41,63,yes
802,Deeann,Ayllett,89,M,16,1,no,yes,yes,60,66,62,58,56,61,yes
803,Malissa,Shanley,81.5,M,15,2,no,no,no,64,58,56,62,20,63,no
804,Tricia,Emberton,82,M,15,1,yes,yes,no,72,61,54,56,53,58,yes
805,Colleen,Grisdale,49,M,16,2,no,no,yes,64,58,56,62,12,63,no
806,Kissee,Rosen,55,M,16,2,yes,no,yes,72,61,54,56,53,58,yes
807,Elise,Evitts,49,F,15,3,yes,yes,yes,58,55,64,55,42,68,yes
808,Eddy,Bartoszinski,61,F,16,1,yes,yes,no,60,50,61,66,38,71,yes
809,Irina,Carlsson,67,M,15,1,yes,yes,no,57,59,54,60,44,67,yes
810,Reynard,Andrea,76.5,M,15,1,no,yes,no,71,58,62,67,67,68,yes
811,Dion,Duetschens,54,F,16,1,no,no,yes,56,69,63,65,41,58,yes
812,Alphonse,Cure,60.25,F,16,3,yes,yes,no,53,57,51,52,43,71,yes
813,Maximo,Liddel,63,M,16,1,yes,yes,yes,63,52,41,62,42,71,yes
814,Ruprecht,Draxford,71,M,16,3,yes,no,yes,61,56,47,60,43,69,yes
815,Archibold,Rowbottam,62.75,M,15,1,yes,no,yes,58,49,56,56,48,62,yes
816,Baxter,Leathley,57.5,F,15,2,yes,yes,no,60,56,58,44,42,60,yes
817,Jamil,McGing,59.5,M,15,2,yes,yes,yes,54,56,58,56,40,60,yes
818,Noemi,Tourot,67,F,15,4,no,no,no,52,56,55,56,38,69,yes
819,Nehemiah,Seymark,65.5,F,15,4,yes,yes,no,55,54,65,46,41,61,yes
820,Bambi,Winterbotham,70,M,16,3,yes,no,yes,57,50,63,61,51,66,yes
821,Lynde,Ducker,48.75,M,15,4,yes,yes,yes,60,56,59,55,42,70,yes
822,Kevan,Strike,42,F,16,3,yes,yes,yes,62,53,51,64,40,59,yes
823,Reagen,Crush,54,M,15,1,no,no,yes,57,53,57,46,39,65,yes
824,Matthiew,Pettegre,88,F,16,3,yes,no,yes,56,61,57,59,50,64,yes
825,Amata,Jenson,92.5,F,16,2,no,no,yes,58,63,45,55,49,64,yes
826,Briana,McPake,49.5,M,15,1,no,no,no,53,57,55,51,33,67,no
827,Raddie,Tansley,53.5,M,15,2,no,no,yes,64,58,56,62,12,63,no
828,Cindelyn,Rhodes,56.5,M,16,2,yes,no,yes,72,61,54,56,53,58,yes
829,Jone,Wrefford,74.5,M,15,2,yes,no,yes,58,55,64,55,42,68,yes
830,Malina,Gilmour,76,M,16,1,no,no,yes,60,50,61,66,22,71,no
831,Ignaz,Readman,89,M,17,2,yes,no,yes,57,59,54,60,44,67,yes
832,Mordy,Becraft,81.5,M,15,1,no,no,no,71,58,62,67,34,68,yes
833,Isidora,Miroy,82,F,15,2,no,no,no,56,69,63,65,41,58,yes
834,Nancey,Simmings,49,M,15,4,yes,yes,yes,53,57,51,52,43,71,yes
835,Axel,Pooley,55,F,16,2,yes,yes,yes,63,52,41,62,42,71,yes
836,Lucio,Bernolet,49,M,16,1,yes,no,yes,55,53,58,56,47,61,yes
837,Julius,O'Scollee,61,F,16,2,no,yes,no,62,52,55,61,47,63,yes
838,Kevina,Potte,67,M,15,1,no,no,no,64,48,60,58,22,60,no
839,Blakelee,Stadden,76.5,F,15,2,no,no,yes,48,61,54,53,38,64,yes
840,Karlie,Rzehor,54,F,19,2,yes,no,no,54,62,52,54,42,60,no
841,Zeb,Greim,60.25,M,18,1,yes,no,yes,67,57,61,61,38,69,yes
842,Laurence,Treske,63,M,16,1,no,yes,yes,58,54,59,62,47,69,yes
843,Meghan,Lightbourne,71,F,15,3,yes,no,no,61,50,64,65,50,61,yes
844,Rosemary,Tummasutti,62.75,F,15,1,yes,no,yes,53,57,59,69,49,66,yes
845,Maxi,Garcia,57.5,F,17,1,yes,no,no,61,56,47,60,43,69,yes
846,Paola,Argrave,59.5,F,16,1,no,no,no,58,49,56,56,48,62,yes
847,Turner,Morcomb,67,M,15,2,yes,no,no,60,56,58,44,42,60,yes
848,Ely,Varne,65.5,F,15,3,yes,no,yes,54,56,58,56,40,60,yes
849,Wynn,Vaudre,70,M,17,2,no,no,no,52,56,55,56,11,69,no
850,Angil,Mollin,48.75,F,16,1,yes,no,yes,55,54,65,46,41,61,yes
851,Ola,Vinick,42,M,16,2,no,no,no,57,50,63,61,51,66,yes
852,Catarina,McCullum,54,F,15,1,no,no,yes,60,56,59,55,42,70,yes
853,Cathlene,Boothe,88,M,15,4,yes,no,no,62,53,51,64,40,59,yes
854,Goddard,Glassborow,92.5,M,16,1,yes,no,yes,53,54,61,49,38,61,yes
855,Saw,Korous,49.5,F,15,3,yes,yes,yes,64,48,55,56,39,55,yes
856,Jelene,Denecamp,53.5,F,16,1,no,no,no,65,53,60,50,11,56,no
857,Diane,Bantham,56.5,M,17,1,yes,no,no,66,49,53,65,41,61,yes
858,Shannon,Hinckes,74.5,F,15,2,yes,yes,no,67,48,56,62,49,47,yes
859,Aldous,Meric,76,F,15,2,yes,no,no,61,51,51,66,56,61,yes
860,Gonzales,Sapir,89,F,15,2,yes,yes,no,50,57,57,54,48,66,yes
861,Clovis,Cunniam,81.5,M,16,1,yes,no,no,57,53,57,46,39,65,no
862,Clotilda,Gimbart,82,M,15,1,no,no,no,56,61,57,59,50,64,yes
863,Meagan,Shrimplin,49,M,18,1,no,no,no,58,63,45,55,49,64,yes
864,Cilka,McVanamy,55,M,16,1,no,no,yes,53,57,55,51,11,67,no
865,Ricoriki,Woodage,49,F,15,3,yes,yes,yes,58,57,56,54,49,59,yes
866,Rianon,Gjerde,61,M,19,1,yes,no,no,60,58,54,56,44,70,yes
867,Catherine,Benner,67,F,17,1,yes,no,no,60,59,52,59,38,61,yes
868,Sallee,Tewkesbury.,76.5,M,15,2,no,yes,yes,65,53,57,60,12,67,no
869,Layla,Ciccarello,54,M,17,1,no,no,no,65,45,52,59,32,60,no
870,Uriah,Wigfall,60.25,F,18,1,yes,no,yes,51,50,54,60,55,59,yes
871,Farleigh,Thurstan,63,M,16,1,no,no,no,50,48,57,48,53,58,yes
872,Dacey,Drohun,71,M,16,2,yes,yes,no,52,62,46,48,40,61,yes
873,Clerkclaude,Bigg,62.75,M,17,1,no,no,yes,53,57,55,54,41,60,no
874,Dylan,Goligher,57.5,M,15,2,yes,no,no,63,49,53,53,38,60,yes
875,Mauricio,Cromie,59.5,M,16,1,no,no,yes,58,49,56,56,48,62,yes
876,Gifford,Mc Mechan,67,M,17,1,no,no,no,60,56,58,44,11,60,no
877,Ginnifer,Vyvyan,65.5,M,17,2,no,no,yes,54,56,23,22,40,60,no
878,Chen,Dumbleton,70,M,16,1,yes,no,yes,52,56,55,56,38,69,yes
879,Reinold,Whissell,48.75,M,16,2,no,no,no,55,54,65,12,41,11,no
880,Shelby,Sambals,42,F,16,1,no,no,yes,57,50,63,61,51,66,yes
881,Dolorita,Baugh,54,F,16,3,yes,yes,no,60,56,59,55,42,70,yes
882,Roderigo,Dagnan,88,M,16,1,yes,yes,yes,62,53,51,64,40,59,yes
883,Grace,Moodey,92.5,M,16,3,yes,no,yes,57,53,57,46,39,65,yes
884,Lauritz,Gaven,49.5,M,15,1,yes,no,yes,56,61,57,59,50,64,yes
885,Corrine,Roberts,53.5,F,15,2,yes,yes,no,58,63,45,55,49,64,yes
886,Desmund,Fenemore,56.5,M,15,2,yes,yes,yes,53,57,55,51,36,67,yes
887,Gerianna,Cromett,74.5,F,15,4,no,no,no,58,57,56,54,49,59,yes
888,Obie,Roggerone,76,F,15,4,yes,yes,no,60,58,54,56,44,70,yes
889,Deedee,Fernehough,89,M,16,3,yes,no,yes,70,59,59,54,42,62,yes
890,Beau,Pemberton,81.5,M,15,4,yes,yes,yes,65,63,55,54,48,60,yes
891,Kendricks,Skilling,82,F,16,3,yes,yes,yes,63,61,59,59,43,64,yes
892,Denice,Ahmed,49,M,15,1,no,no,yes,64,61,53,59,41,60,yes
893,Lesly,Crowcroft,55,F,16,3,yes,no,yes,62,52,62,60,41,63,yes
894,Reinaldo,St. Queintain,49,F,16,2,no,no,yes,60,66,62,58,32,61,no
895,Abagael,Wasmer,61,M,15,1,no,no,no,64,58,56,62,11,63,no
896,Caren,Dowsett,67,M,15,2,no,no,yes,72,61,54,56,53,58,yes
897,Henderson,Comrie,76.5,M,16,2,yes,no,yes,64,58,56,62,36,63,yes
898,Edgardo,Simond,54,M,15,2,yes,no,yes,72,61,54,56,53,58,yes
899,Edithe,Carncross,60.25,M,16,1,no,no,yes,58,55,64,55,42,68,yes
900,Shelbi,Machin,63,M,17,2,yes,no,yes,60,50,61,66,38,71,yes
901,Cherie,Gooderick,71,M,15,1,no,no,no,57,59,54,60,44,67,yes
902,Kare,Zimmermanns,62.75,F,15,2,no,no,no,71,58,62,67,12,68,no
903,Skipper,Dederick,57.5,M,15,4,yes,yes,yes,56,69,63,65,41,58,yes
904,Felice,Oloshkin,59.5,F,16,2,yes,yes,yes,53,57,51,52,43,71,yes
905,Renado,Brushneen,67,M,16,1,yes,no,yes,63,52,41,62,42,71,yes
906,Howard,Destouche,65.5,F,16,2,no,yes,no,61,56,47,60,43,69,yes
907,Westleigh,Lucian,70,M,15,1,no,no,no,54,36,57,47,19,56,no
908,Sada,Cockings,48.75,F,15,2,no,no,yes,40,41,46,37,26,61,no
909,Gordie,Daunter,42,F,19,2,no,no,no,57,35,38,41,9,60,no
910,Sancho,Dobrowolny,54,M,18,1,yes,no,yes,50,38,36,44,0,58,no
911,Rikki,Carne,88,M,16,1,no,yes,yes,45,43,53,44,29,51,no
912,Norris,Neal,92.5,F,15,3,yes,no,no,57,50,33,49,35,55,no
913,Dilly,Biggadyke,49.5,F,15,1,yes,no,yes,42,37,57,45,41,46,yes
914,Mitchell,Pescud,53.5,F,17,1,yes,no,no,44,51,41,47,45,46,yes
915,Amie,Waldrum,56.5,F,16,1,no,no,no,48,51,52,41,23,44,no
916,Milo,Devas,74.5,M,15,2,yes,no,no,64,43,37,47,45,59,yes
917,Odey,Epinoy,76,F,15,3,yes,no,yes,51,47,40,30,46,59,yes
918,Paquito,Mallinder,89,M,17,2,no,no,no,44,46,45,48,56,57,yes
919,Tamara,Munnings,81.5,F,16,1,yes,no,yes,52,35,44,45,67,61,yes
920,Aldous,Coare,82,M,16,2,no,no,no,46,41,45,30,46,58,no
921,Felicio,Maidment,49,F,15,1,no,no,yes,54,49,44,44,25,46,no
922,Parrnell,Lurner,55,M,15,4,yes,no,no,62,43,33,55,17,48,no
923,Andriana,Gingold,49,M,16,1,yes,no,yes,62,43,36,46,55,66,yes
924,Claudian,Burree,61,F,15,3,yes,yes,yes,51,39,35,42,45,61,yes
925,Weidar,Ariss,67,F,16,1,no,no,no,51,42,39,42,10,57,no
926,Mellisent,Selborne,76.5,M,17,1,yes,no,no,45,35,38,38,10,62,no
927,Bess,Patters,54,F,15,2,yes,yes,no,48,48,52,35,29,59,no
928,Amy,Ottawell,60.25,F,15,2,yes,no,no,55,43,52,47,29,58,no
929,Nicole,Calderwood,63,F,15,2,yes,yes,no,39,46,48,29,56,61,yes
930,Laraine,Dudding,71,M,16,1,yes,no,no,56,38,42,35,36,50,yes
931,Sancho,Week,62.75,M,15,1,no,no,no,41,55,45,53,40,52,yes
932,Elliot,Eberdt,57.5,M,18,1,no,no,no,50,36,39,42,33,60,no
933,Frederic,Reame,59.5,M,16,1,no,no,yes,50,43,48,47,31,52,no
934,Hermine,Markovic,67,F,15,3,yes,yes,yes,52,54,38,39,50,46,yes
935,Archy,Filchagin,65.5,M,19,1,yes,no,no,52,55,43,44,39,50,yes
936,Gertrudis,Kornyakov,70,F,17,1,yes,no,no,46,51,50,51,56,48,yes
937,Neda,Strowger,48.75,M,15,2,no,yes,yes,53,48,42,38,40,56,yes
938,Joice,Glaserman,42,M,17,1,no,no,no,56,46,50,39,24,61,no
939,Ronny,Jope,54,F,18,1,yes,no,yes,61,51,38,40,50,57,yes
940,Brandon,Corking,88,M,16,1,yes,yes,no,54,43,52,48,44,61,yes
941,Elisabet,Dudney,92.5,M,16,2,no,no,no,60,32,53,45,36,60,no
942,Monica,Gowman,49.5,M,17,1,no,no,yes,41,54,38,45,19,61,no
943,Hyman,Masterson,53.5,M,15,2,yes,no,no,55,38,38,45,22,61,no
944,Thoma,Seebright,56.5,M,16,1,no,no,yes,50,38,42,45,13,60,no
945,Tybalt,Liffe,74.5,M,17,1,no,no,no,58,50,52,54,32,67,no
946,Shayna,Bugdell,76,M,17,2,no,no,yes,65,42,45,46,33,68,no
947,Hill,Becken,89,M,16,1,yes,no,yes,45,49,57,57,43,10,no
948,Wittie,Dolling,81.5,M,16,2,no,no,no,56,39,50,45,28,57,no
949,Emogene,Cowmeadow,82,F,16,1,no,no,yes,55,54,49,37,27,60,no
950,Thorin,Florez,49,F,16,3,yes,yes,no,58,44,54,47,56,51,yes
951,Skippie,Paskins,55,M,16,1,yes,yes,yes,56,40,48,43,55,57,yes
952,Pace,Ritch,49,M,16,3,yes,no,yes,60,38,88,53,50,62,yes
953,Mirelle,Hadlington,61,M,15,1,yes,no,yes,48,45,39,46,78,53,yes
954,Daryle,Morter,67,F,15,2,yes,yes,no,45,48,56,46,38,58,yes
955,Craggy,Midden,76.5,M,15,2,yes,yes,yes,55,47,54,48,26,53,no
956,Pia,Reaper,54,F,15,4,no,no,no,52,44,49,51,34,53,no
957,Khalil,Botwood,60.25,F,15,4,yes,yes,no,54,41,38,44,35,61,yes
958,Jaye,Margett,63,M,16,3,yes,no,yes,52,41,59,44,56,55,yes
959,Grady,Cogin,71,M,15,4,yes,yes,yes,62,44,42,43,45,55,yes
960,Vladamir,Sinkins,62.75,F,16,3,yes,yes,yes,54,41,38,44,88,61,yes
961,Ludovico,Clemas,57.5,M,15,1,no,no,yes,52,41,59,44,34,55,no
962,Bryan,Pinwell,59.5,F,16,3,yes,no,yes,62,44,42,43,45,55,yes
963,Dolli,Klementz,67,F,16,2,no,no,yes,41,55,45,53,40,52,yes
964,Tallulah,Lynes,65.5,M,15,1,no,no,no,50,36,39,42,33,60,no
965,Burr,Leigh,70,M,15,2,no,no,yes,50,43,48,47,31,52,no
966,Delilah,Crocetto,48.75,M,16,2,yes,no,yes,52,54,38,39,66,46,yes
967,Alphard,Eichmann,42,M,15,2,yes,no,yes,52,55,43,44,39,50,yes
968,Bud,Crewes,54,M,16,1,no,no,yes,41,55,45,53,40,52,yes
969,Myrta,Gillebride,88,M,17,2,yes,no,yes,50,36,39,42,45,60,yes
970,Marianna,Ernshaw,92.5,M,15,1,no,no,no,50,43,48,47,31,52,no
971,Goddard,Tow,49.5,F,15,2,no,no,no,52,54,38,39,30,46,no
972,Meryl,Riddock,53.5,M,15,4,yes,yes,yes,52,55,43,44,39,50,yes
973,Kinnie,Mold,56.5,F,16,2,yes,yes,yes,46,51,50,51,56,48,yes
974,Mercie,Ellcome,74.5,M,16,1,yes,no,yes,53,48,42,38,40,56,yes
975,Kevin,Bedinham,76,F,16,2,no,yes,no,56,46,50,39,67,61,yes
976,Bary,Barnwille,89,M,15,1,no,no,no,61,51,38,40,30,57,no
977,Adelaide,Purdy,81.5,F,15,2,no,no,yes,54,43,52,48,28,61,yes
978,Lori,MacLachlan,82,F,19,2,yes,no,no,60,32,53,45,36,60,no
979,Claribel,Madison,49,M,18,1,yes,no,yes,41,54,38,45,19,61,no
980,Jory,Jouhning,55,M,16,1,no,yes,yes,55,38,38,45,22,61,no
981,Tabby,Peck,49,F,15,3,yes,no,no,50,38,42,45,13,60,no
982,Armand,Greaves,61,F,15,1,yes,no,yes,58,50,52,54,32,67,no
983,Barnett,Wellbank,67,F,17,1,yes,no,no,65,42,45,46,33,68,no
984,Olly,Fenwick,76.5,F,16,1,no,no,no,45,49,57,57,32,49,no
985,Ann,Worsfield,54,M,15,2,yes,no,no,56,39,50,45,28,57,no
986,Zackariah,Swarbrigg,60.25,F,15,3,yes,no,yes,55,54,49,37,56,60,yes
987,Morley,Abdy,63,M,17,2,no,no,no,58,44,54,47,32,51,no
988,Jacynth,Raise,71,F,16,1,yes,no,yes,56,40,48,43,31,57,no
989,Brunhilda,Kennifeck,62.75,M,16,2,no,no,no,60,38,34,22,12,62,no
990,Ardis,Sterling,57.5,F,15,1,no,no,yes,48,45,39,46,31,53,no
991,Chaim,Duchenne,59.5,M,15,4,yes,no,no,45,48,56,46,38,58,yes
992,Devlin,Rush,67,M,16,1,yes,no,yes,55,47,54,48,58,53,yes
993,Cecilla,Duckerin,65.5,F,15,3,yes,yes,yes,52,44,49,51,56,53,yes
994,Dominique,Wastie,70,F,16,1,no,no,no,54,10,31,44,35,61,no
995,Xenos,Lenton,48.75,M,17,1,no,no,no,52,41,59,13,12,55,no
996,Marisa,Shepperd,42,F,15,2,yes,yes,no,62,44,42,43,67,55,yes
997,Lily,Payton,54,F,15,2,yes,no,no,41,55,45,53,40,52,yes
998,Bord,Bunson,88,F,15,2,yes,yes,no,50,36,39,42,56,60,yes
999,Eugenie,Commuzzo,92.5,M,16,1,yes,no,no,50,43,48,47,31,52,no
1000,Sutherland,Standidge,49.5,M,15,1,no,no,no,52,54,38,31,30,46,no
1001,Myrah,Grishinov,53.5,M,18,1,no,no,no,52,55,20,44,12,50,no
1002,Cornie,Shew,56.5,M,16,2,yes,yes,yes,46,51,50,51,56,48,yes
1003,Angie,McPhate,74.5,M,15,2,yes,yes,no,53,48,42,38,40,56,yes
1004,Berky,Delafoy,76,M,15,2,yes,no,yes,56,46,50,39,56,61,yes
1005,Teodorico,Pughe,89,M,15,2,yes,no,yes,61,51,38,40,67,57,yes
1006,Keith,Reeder,81.5,M,16,2,yes,yes,yes,54,43,52,48,66,61,yes
1007,Tyson,Brayshaw,82,M,16,2,no,no,no,60,32,53,45,36,60,no
1008,Glynis,Caine,49,F,17,2,yes,no,no,41,54,38,45,19,61,no
1009,Eden,O'Donovan,55,M,15,2,yes,yes,no,55,38,38,45,67,61,yes
1010,Davie,Ruselin,49,M,15,2,yes,yes,yes,50,67,42,45,56,60,yes
1011,Claybourne,Petrenko,61,F,15,2,yes,yes,no,58,50,52,54,67,67,yes
1012,Barny,Purry,67,F,15,3,yes,no,yes,65,42,45,46,78,68,yes
1013,Ketti,McGrane,76.5,M,15,1,yes,yes,yes,45,49,57,57,43,49,yes
1014,Germaine,Mussettini,54,M,15,2,yes,yes,no,56,39,50,45,89,57,yes
1015,Weidar,Fellos,60.25,M,15,3,yes,no,no,55,54,49,37,27,60,no
1016,Krispin,Clifton,63,F,16,1,yes,no,no,58,44,54,47,32,51,no
1017,Derrek,Basset,71,F,16,3,yes,yes,yes,56,40,48,43,67,57,yes
1018,Shelbi,Tesimon,62.75,F,16,2,yes,no,yes,60,56,34,53,78,62,no
1019,Worth,Sushams,57.5,M,17,1,yes,no,yes,48,45,39,46,89,53,yes
1020,Chris,Dumper,59.5,M,16,1,no,yes,yes,45,48,78,46,89,58,yes
1021,Caralie,Wasbey,67,M,15,2,no,no,no,55,47,54,48,26,53,no
1022,Erastus,Gouly,65.5,M,15,1,yes,yes,no,52,44,49,51,34,53,no
1023,Kitti,Shawyer,70,M,16,2,no,no,yes,54,41,38,44,12,61,no
1024,Roman,Oxley,48.75,M,16,2,yes,no,yes,52,41,59,44,34,55,no
1025,Anabal,Durker,42,F,15,3,yes,yes,yes,98,90,78,88,77,55,yes
1026,El,Gurney,54,F,16,1,yes,yes,no,56,40,48,43,55,57,yes
1027,Pavlov,Renoden,88,M,15,1,yes,yes,no,60,67,67,53,66,62,yes
1028,Glenden,Pallin,92.5,M,15,1,no,yes,no,48,45,39,46,31,53,no
1029,Gregory,Pettyfer,49.5,M,16,2,yes,no,yes,45,48,33,46,38,58,no
